5brG56hsi0;0
6egarehspb;1
7hvRsshsu7;0
BHHzFmSAVRl;1
BJ7k3DuAYHS;1
BJ7mxBhgH5l;1
BNk-j28lcUK;1
BO13Oh2lC_N;0
BO1wLcAlmx5;1
BQH7sAbFw9r;1
BQH9UgylQV4;0
BQNozj9FNeB;1
BQNrOknF1oo;0
BR5nbSvhPKp;0
BSbdiTeB5dV;1
BSbkPz8BvTE;1
BSi3lXnhtWT;1
BSi64TNhiBu;1
BSLj19BByXl;1
BSLjH-tBBxO;0
BSLjSA2hPQ4;1
BSOdtN2hRGx;1
BSOdYJNB09x;1
BSOeOozBsGN;0
BSoWRMnhvgy;0
BL0r-1olitf;0
BL56oisFqrD;1
BOFSMYelahS;0
BOqw0brlIgQ;0
BOR4fHvlwK7;1
BOrl1lmFOQI;0
BOuhl67lCKQ;1
BP7W95zFpHN;1
BQHH-KBFj-9;0
BSNv6jLALtk;1
BLbadEGA0Te;1
BLirziEA4tN;0
BLiu_ZPg6So;1
BLnfzgIAU0J;1
BBc40kQvsCo;0
BG2quAmPsOq;0
BGlrCPnvsL8;0
BGxA_wkvsJF;0
BH9gXJpgnQh;0
BHroItnAyMQ;0
BIE6ndqAPxU;0
BIfaGc5gmvg;0
BJIbAwCA05K;1
BJovHmpgH5s;1
BK8YO0bAF9A;0
BKcRd9ig4J0;1
BKDXyUCAOMe;1
BLlQrLnAK-J;0
BMgselGgCl4;1
BNvy8AEAHup;1
BOglwvYAMIe;0
BPg0u3hgw0o;0
BQXEl6uAWFj;1
BRLIAvyAhyl;0
-1cDmKHuZs;1
#NAME?;0
#NAME?;1
#NAME?;0
#NAME?;1
9F5wfSnuQh;0
9IfYC8nuah;0
9xqcExHuRP;0
9xr2ELHuTI;1
9yM9iUHuXU;0
BAF7oeHHuYO;1
BAKLvPxnuV4;0
BAKMeYlnuW-;0
BA_gR0CnuWP;1
BBjzFmdHuRp;1
BCcPlkEHuTE;0
BDAHPpCHuYk;1
BDDC4gWHubk;0
_Tc5tNHuQ9;0
_Tis6mHuXo;1
_WLa3YnudB;1
_WLznhHudV;1
__eSIcnueP;1
BJSeIcqA9Fl;1
BPyjJYZATb5;0
BR-fWJOgZvK;1
BRR_LOkgoJV;1
BSetyctAgx7;0
BMytg7egImw;1
9jCS3eAGkc;1
BAuWNC5AGgL;1
BIpSiD-AjqT;0
BISFJorgl3r;1
BL_IAGmjmlC;1
BSq0EbSDOuy;1
BTNJa_cDVzC;1
BNRQpGCgu3t;0
BNRQYrkgsEO;1
BO16EdIgnGK;0
BOeOLQXA_tV;0
BQnS0e1B47J;1
BQnSOdbhcEw;0
BSdh0BohE5e;1
BTbgfSBBbxB;1
BTQotA0BsAk;0
BU1RWv2BMyy;1
BU1yUsjBqqm;1
BUhX9ffhb82;0
BUonqUwhQ94;0
690xvFNns-;0
96EryqNnmf;1
BCCt6jHNnv6;0
BIsKFg6gZxJ;1
BKPtvlogKwK;0
BTqSOgxjI5W;1
BUTrbEKjPJy;0
BUTrGOhDOHI;1
BUZJar7jwCx;1
BUZKqgDDJzg;1
BUZLXx2jO-3;1
BHNK99kjVjb;1
BHNKdE9DBdn;1
BHNKEIljwHI;1
BHNKs-BjwVp;0
BSx2lgVFydA;0
BBLA8VARSW4;0
BLOC72PAmTc;1
BBkEgb-whAj;0
BRDyWVEj-Cc;1
BE1U_NbING5;1
BHulY7ZhZLZ;0
BHV7ddIjS1e;0
BJWv0NdD09K;1
BJWxI9EDtCu;1
BJWzJcxj5xP;1
09cpu1R4vS;0
14njVnR4vJ;1
1C57O3x4uB;0
80O7I6E77e;0
83GRiAE7_G;0
93OEayk7zH;1
BA3GGrqE73c;1
BA6vxk7E71e;1
BFbDGqqk7wP;1
BFqRM9-E79o;1
BH9F5CNDTMG;0
BJNOKQEAlZD;1
BL5jpJHAlI9;0
BLYV2LjgrvM;0
BMnGmw4AFmT;0
BMqXqZMAkyY;0
BN56BZggVNh;1
BO7AP00gbU3;1
BOg76DcgqE-;1
#NAME?;0
BA3g4VHJMdi;0
BEdiA4QpMcg;0
BIg75k6BtPp;0
BIr_xv3h7AO;1
BJ4-bvUhYGm;0
BJPp60gBtCK;0
BJU12EbBzLH;0
BKatm2WBh0s;1
BKUoDhqh6Vx;1
BKx75czh8O7;0
BL2L7UZBnxZ;1
BLnNlguhjTQ;0
BMLbluLB6mX;1
BMlROlqhWyV;0
BNzCOOKhS-4;0
BO12xZoBkW4;1
BOhiX6kBWwl;1
BPygi74BFLx;0
BQa22FfhueV;0
BQu5Uk4gauX;1
BRVnalFA1Qc;0
BSsI0L6ghQf;1
BSXe-RyAQhq;0
BUt3oUSgIwX;1
BUyBzQugBxK;0
_-VHz0JMfb;1
BOcZBmqAeLG;0
BOcZiRtAuFi;1
BOLaWkuA3wx;0
BOoCrvzgn9K;0
BO_bOYsAbiL;1
BPByMGug4fc;0
BPJaxfkAhiC;0
BPY3qFYAYm6;0
BPzDgsxA1kc;0
BP_dgRrgXvQ;0
BQ94iPTgwG4;1
BQna1ingA-S;0
BQ_uDrnAr04;0
BRH1fN7gsUp;0
BRKYakMAEYt;0
BRQcBEvgqZb;0
BSxW3pRAr0-;0
BS_GNhfgzhL;1
BS_nwKMAWti;1
BTae0COgA6W;0
BTByqSnALBe;1
BTg3vc-gjb_;0
BTIiNfrAF0k;1
BTIiZv7ANUD;1
BTNguW3gERS;1
BTsXd0oAbqQ;0
BTWG34Gg90c;1
BTWMqX1gDUg;0
BTYiEbyAdb-;1
BUFtInGglZX;1
BUHNvD9Afvt;1
BUM4PyjAnkc;0
5WpQ2JIb-T;0
BAjOMxXob6d;1
BGWqSpXIb8Q;1
BIfRI7mgLzd;1
BJ-VQivAv0o;0
BJ2iz6dA1TX;1
BJK3Ge7gG0h;1
BJSkcMOAHu4;1
BKpvJtcgHJ6;1
BL07CBBh1mb;0
BLgDPQGBrYd;1
BLi6iAfBvIn;1
BLOMyxZBeyv;0
BLtChb5BqQE;0
BL_OkcDhqUM;1
BMloR9hBhgy;0
BNjejGaBG1h;1
BNrUkLyhCOz;0
BOsIwzAB63Q;0
BQiOGLPjXEW;1
BQXqgJXjzOb;0
BUrLiXcB0Cx;1
BIHk9UQg_W3;1
BK8jdsrBUcM;1
BNRdfnEB3G7;0
BNZF0hhhvWM;0
BSDS_pZhF2u;1
BSTobxGBzlV;1
BUd0gGNBz3u;0
BBt9cGkBZw5;0
BCxVO97BZzg;1
BDqD2zzhZzY;1
BDuf82ahZ3_;0
BDx0cjaBZ4_;1
BE3djD5hZ-z;0
BE3L1rOhZwW;0
BFEQ87EBZzx;0
BJ2J7CxDbYm;0
BJz9ViyDYJh;0
BL3E8XKj17q;1
BLVgFE0jO4N;1
BMItpkQDZ2n;0
BRewZDjAcfV;0
BRUkeWugsBh;1
BS2j0eIgMIr;1
BSAp8m-Ajo-;1
BTduHItgFdb;0
BTdvDMuA8Gy;0
BTvM3e-g9CJ;1
BU012nCgTDr;0
BU1DCZ1AQD-;0
BU5fMtUA04_;0
BU5Gk4jA6r3;1
BUHcVi3AJQn;0
BUnZ_B_A4Pr;1
BUp9yb-gOPy;0
BUqrpkEgW_v;1
BLOQNLAgIgJ;1
BLyEhm4A0Yf;0
BMiimPOD9aD;0
BML2yjVgj8h;0
BO7ja3iAiEt;0
BOSQr-2ABjw;0
BQiUxwmjSS2;0
BQxeeY4Dafa;1
BR-lvJaDh4s;1
BRx5cqhj1kY;1
BRzdlj5jlcm;0
BSoDfySjL0Z;0
BSS1_JWDocd;0
BT3wjxGDbdm;0
BTB7MhcjYSu;1
BUbrpJRjYMD;1
BUtuh_1DcOj;0
BUUAxU2jNZ8;1
BUWChQHjdPX;1
BUY9uUAjH2r;0
BA4QaBpRFkY;0
BCUz2WNRFmx;1
BGwMWXuxFh4;0
BIXXahIhmtE;0
BJ7vFhPB57V;0
BKp-536BCnR;0
BL51xFtAq5k;0
BLYXYKUAjhl;0
BMoNfXWg2fk;1
BMszjQRgrby;0
BO9_wwUjmob;1
BOMlmX5Anfz;1
BOWsSgTAoxU;1
BQ0FVOsBH1C;1
BUTi59nBGZK;0
BGPG7bvtvip;0
BKQdPNGAt1z;0
BLD9ibpg3m2;0
BLlb64kAeTR;1
BOeGAjegTsr;1
BOhHUy7gk8b;0
BOpJGiOgTQ9;0
BOrHT2Gg4bs;0
BOZ3OBSgMsd;1
BOZQEh4g_r-;0
BO_KuAUAH2w;0
BR1nQs9FM4L;1
BRYVA-ulh2l;1
BSpOGmBF0Il;1
50T70MA6Qa;1
50UGSMg6Q7;1
50UWCDg6Rc;0
5kaRyeA6UL;1
5kW-Dpg6cH;0
5uFjENA6Sz;1
BCKyU9oA6VF;1
BFpfHOMg6dR;1
BFpfVqsg6d3;0
BFqNRu_A6R5;0
BFr5hbxA6Zp;1
BFsHM7ng6YU;0
BFsN7iEg6X1;1
BFsPTb_g6ag;1
BG-K4IvA6QW;1
BG-XBGpA6br;1
BGhE2POg6Zx;1
BGhOoQFA6VW;1
BGO91cgA6X9;0
BGOhPlQg6Yk;1
BGOWxA6A6XJ;1
BGQEqpOg6Wn;1
BH-z4_yDSq6;0
BH1yODYDGyW;1
BH1Z6zpD4XI;1
BH2AjHPDD-g;0
BH66Lw-jdRt;1
BHk34dwDINr;1
BHmtgxrDqKh;0
BHpITNMDRG3;1
BHqOeBQDMnI;0
BHUXnB0DK8k;1
BHUYASajg2z;1
BHUYs7wDmYW;0
BHW8_yNjrqc;0
BHwHD1LDfQh;0
BHx8057D9m9;0
BHYDdkrDpjN;1
BHyikavDjJ7;0
BHzjpJaD36e;1
BHzL1cEDtRr;1
BJFosC9jdBt;0
BJmGWtijOY-;0
BJQOTOjDo9k;0
BMONqoUgNxm;1
BJClj7gjuo2;1
BMjH9wNAIww;1
BMoOkEJg_-U;1
BPmn6OLlyO5;1
BPUvumbF25m;1
BTuLkWBhVsy;1
BUcODIxh49A;0
BUOs1PPh0O7;1
BUZ1ADeBT0W;0
BN3IthmDSls;0
BN718OXDZia;1
BNaSHhpjIkZ;0
BNaSt-RjfFZ;1
BNMH5ZCD3Y_;1
BNMI-xEj7M0;0
BNMI4-UDZS2;0
BNMIwYgDZhp;0
BNmPDT8jGGe;1
BNmTWFAjESY;1
BNOS6-ajbZy;0
BNOSnj7jyYr;0
BNOSSqaDdRK;0
BNOSuGHjE1k;0
BNOSZLNDe38;0
BNOTIKmDZlL;1
BNOTT1Kj1-o;1
BNOVogED_Wa;1
BNOWsg_Dg98;0
BNt7sjuDPEj;0
BNt9iPtDSdw;1
BNvDMK9j-W8;1
BNVKK0wj3CS;1
BNW0fyoj9NT;1
BNW0Yx3DIfT;1
BNW7135Ddob;0
BNW_MuoDto8;0
BNxdlSXjFC7;1
BN_383ajJRr;0
BN_4bacDorn;0
BN_4HFfD5L5;0
BN_4lfcj8-N;0
BN_4QQ9jRRf;1
BOS0j37jmKD;0
BPq6038jpMN;1
BPYuhUZDa6m;1
BR3Nz7ahy7H;0
BR4JjSnhGU7;1
BR7A_1BhPKy;0
BR8qmgHh3QA;0
BRhAPpxBhcm;1
BRqrY6vhpSO;1
BRr2hZHBJMW;0
BRr2u-Wh3ay;0
BRZX1yZhEjc;1
BS8FvVxlRH-;0
BSA-iA4hkQR;0
BSA-rbmBTU2;0
BSA-TycBWT9;1
BSaq1Nbhb36;0
BSarC3NBDmO;0
BSarEv_h7lC;0
BSCepBFhbfW;1
BSHzt_WB1RW;0
BSKuyR1BXHl;0
BSWmaGmhISa;1
BSWmp_9BONU;1
BTCF2dXl6Gb;0
BTobDoqFLHR;1
BTu09CqFwTD;1
BUGf3Xdl35-;0
BMpgY8Hjnpz;0
BEANmH-CQFR;1
BFGHOFyCQHF;1
BIpmyvvB-hI;0
BNEb9MihQFJ;0
BODuRcBhPnq;0
BOTh5Ohhbd6;1
BOZurwJBFoE;1
BPpcs4-BSui;0
BRgGvUXguRl;1
66-I5PusN8;1
8PZMTqusOB;1
BBMaCZmOsC5;1
BFnBG_DusNs;0
BGRKyzTOsBN;1
BH6L3qMhGPs;1
BIec6ZzBmBZ;1
BIG2MZogoaj;1
BJ7xtroh8o3;1
BKdFDWPBhSt;0
BMu_uVEhNTh;0
BNTC2Anh-pM;0
BSavjGSBhSe;0
BSGGbqOhISK;1
BTLvjYth-pQ;0
BUZISjLBD5x;0
BUZSffyBvWx;0
88GDZwEeWL;0
8xg_33Eefu;1
BB2mKr9kefF;1
BBTs_jzEeQP;1
BCSCM1rkeQX;1
BHH2CQQDUA1;1
BKgB4zXDH5D;1
BKmFykeDtdp;1
BMnak7cDa0O;0
BMyxVbOjnZw;0
BONxR8KjIL-;0
BQT7isSjIs8;0
BRx_x0_ljRl;0
BSGgWO_gHJp;1
BUa4_seFzJS;1
BUb8THGFd9x;0
BUbv4GCFY_4;1
BUmWOfUFU-M;0
BUooomGFtN0;0
BUOPbdiFrVF;0
BUOPibXFW7o;0
BUOPkeHF4AL;1
BUQ3d2plmFP;0
BUQ3hnNFnI0;1
BUQ3nzxl9yi;0
BUz3uJPFzoV;1
BRo_gGoBmCq;0
BRu4vaDhuGN;1
BSesjkWBkS1;0
BSj60SohRN3;0
BSLvjrmhO_u;1
BSYqJ-5BuU0;0
BS5rUh-Aqel;0
BTujTXDgV1i;1
BUsj5h2giFQ;0
BCuui8pokoi;0
BHttgm7gbdC;0
BNrOZawlTjJ;1
BOumqrEFvRy;0
BPO7IPIF5CC;1
BTJe5yXFXMI;0
BUMa848llx7;0
BUMc-y1FJ0d;1
BUweqpuFuq7;1
BUY4-Jhld_j;0
BUY7aF8FuZW;0
BJ7i46DhsOu;0
BKuLmeiBt5Q;1
BLmq_walJ8N;0
BLXp0Qrltbh;0
BMm4fo8FBrq;0
BNb7HjklNpd;0
BNRVNsXlVVW;1
BNRWck7FxAx;0
BOhk92Vlmzs;0
BOhlQOgF1yJ;0
BOuEAMOFDr2;0
BQHt_HVlOOO;0
BQZoz9AFmu-;0
BRC2N0xl1gG;1
BS7kU9BFomE;1
BS7kWq8l2Zn;0
BTld9qjl_8I;0
BTtkRY0lmri;0
BTyNQ1lF1Rp;0
BU51pXOFVCi;1
BUzKPCGljDz;1
#NAME?;0
#NAME?;0
#NAME?;1
0hAfjxEylo;0
0haTKFEynZ;1
1ig0fukyqW;0
3qS3cvkynB;1
72Wxwekysm;1
7H9KU6Eyi1;0
8RYNefEyhb;1
8ZHQCrkyhA;1
9ww_vuEymF;0
BAAHwirEymM;0
BABNve7kykr;0
BCiAErYkyoq;1
BCiCqkGkyt8;1
BCVLnbGkym0;0
BGhQvkPEyq8;1
BHf_bRkB0a7;1
BIDDRjJhaCy;0
BJApH4OBMh0;0
BJAq3Ckha0O;1
BJxg2sdhPuN;1
BK5nt1sBUrd;0
BK8DGU1Bte1;1
BKu5l1mhseP;0
BLa06UaBFud;0
BLBN1LnhNod;1
BLknKZ3B8Mr;1
BLkoFSTh4zi;1
BLkRlGSh-EF;1
BLkSX2ZB3dd;0
BLyfS9kh0Fr;0
BNhVwzhBODG;1
BNi0G43B4O4;1
BOQ63wMhlWk;0
BOzb-9ShU0P;1
BP9tD7UBTlo;1
BPi5vCQhhrR;0
BPi5wnChGAw;1
BPzB28GBzna;1
BPzB4qShUWb;0
BQqFsEmg_eA;1
BQqQb1wA9OR;1
BQYHn4Ohy5R;1
BS9wD7hgS1H;1
BS9xUfzAa4E;1
BT1aK02go9U;1
v-r9NFEyg7;1
wAUWjOkyjB;1
wDyzlBkylv;1
wESfzNkyuB;1
wseNLmkyjl;0
x-3tzykygd;1
x_AE1Tkyth;0
y9dAnAEyvy;1
yDYJt4Eyoy;0
yE999TkyrN;1
yRycbTkylk;0
yUGOgGkynH;1
BJH_i-6jwGo;0
BJUIZDIjsWw;0
BK5mVHBD_x5;0
BO_pKISASeu;1
BPe9es3jQFx;1
BPwcU5rDasj;1
BR9Yrf8DrUG;1
BSc98GRlgNE;1
BSi0rXDlIg_;1
BTdr9FzlDTz;1
BTU50iAlFJJ;0
BTyrkUhlY_c;1
BUltSAGFWNc;0
BTjPtudgdxz;1
BTwBOfCAScf;1
BTy6A--AtjM;0
BUPVeBqgfBV;1
BURKQ20gLZ3;1
BUTaEB1AP_1;0
BUTYlzug3tV;1
BUTY_GmArdP;0
BUTZMGUgcvt;0
BUv-xeVAP-F;1
BUZd2GKAjc2;1
BSeDki0AUKk;1
BSX5rHkAu_4;0
BS_lP-PgBUF;0
BS_lYKOg9vO;0
BTHRg1Ig64L;0
BTPDBa6AvPo;0
BTrcgV-gAl1;1
BTRcyYTAzzE;0
BTUF3eZA_MR;1
BTUGCJwgZQT;1
BUhvbFTALBN;1
BUYZdNGgKAr;1
BEAnWZyR_Ig;1
BH-zs1PDPUM;0
BIcQMtrDJT5;0
BImoew9jyfT;1
BIOdmnKDDQY;1
BIOhCyiDop-;1
BIOhmtYDxXc;1
BIOj86dDR69;1
BIOkgivDTr5;1
BIPxzdbj9Di;0
BIuOkVGDoQj;1
BIusHggDm1j;0
BIWhjf5j6je;0
BJ4GyxYjGFM;1
BJINQXhDXBr;1
BJK8UuoDoMd;0
BJPxbE2jYR1;0
BJux3WnjEMb;0
BKQQKxvDWTY;1
BKRpkFPjRmx;1
BKSH-BRjkYL;1
BLDPlzADV23;1
BLDRFNqD4ei;0
BM3vvDiDPFZ;1
BMd2PtuD_5C;0
BMdLv1RjWOk;0
BMq4mvfDmEx;1
BObs0ZeDgf6;0
BOwGQdjDWVr;1
BP1l9gXDGYs;0
BQ7WyqrhXQk;1
BT09w3vBZ5s;0
BUlIcKiBrRh;1
BUmGd6pB7HP;1
BUwcG-UB9ov;0
78D4oPII_4;1
80Yj16oI5P;1
8xvyF-oI8A;1
BEheZu4LPBk;0
BH5mczMhERj;0
BJKzunuBFSU;1
BJskpOVBW-x;0
BKNKNn_BjB9;1
BM8r1NNlkBi;1
BNWYN0mlwlJ;1
BOWxIJTFD-Y;1
BQnQm8FB3m1;1
BH0kf6pAYad;1
BH6KpbKAY0X;1
BH8QGLFA5l4;0
BHWYWn1gerC;0
BIdmXuGgC8b;0
BIKD1quAZVv;1
BIR0A4jgktS;1
BJ7UKhbAjNW;1
BKkzlPogO19;0
BLlhjsGgyFd;0
BN8RyGYg_3O;1
BNozuU1jSQB;1
BNqv9kyjYjs;1
BNtu0YlDC5I;1
BNXJjBPAJ-j;1
BNY3xNlg8Ne;0
BOcEZrdg0tK;0
BOEZwtPgKBq;0
BOhJikgg3zj;1
BOJNNvugLeQ;1
BOR7ecVgCba;0
BUjwlGrlck6;1
BI12_L3jKms;0
BIM4ODADpdC;0
BJ-h04ej-kg;1
BJ359Jqjkze;1
BJ4N0l7DZoQ;1
BJABuXJjXDK;1
BJkGCOxj4rm;1
BJSRbMajGM9;1
BJW8hTCjcdQ;0
BJW9D_DjCvn;0
BKcYHqVjyse;1
BKDsnhZjEu3;1
BKDw_6fjzO7;1
BKiIV92Dmlx;1
BKN51ryDRsN;1
BKP44C7Dnfd;0
BKP771FDhje;1
BKYO5W3j5a0;1
BL-t1BXh6TL;0
BLSV1WEBNqj;1
BLSX474hZq-;1
BMchO-7B1vf;1
BMG9hoSh7uQ;1
BMoa4fFhukv;0
BMobCUah4Co;0
BN0SzTlB9XH;1
BNgix4jBAme;0
BNrSUZBhqyx;0
BNs4rvAhMvZ;0
BNwkwKrhWAW;1
BNx1fUYh59Y;1
BN_tBGwBT5M;1
BOFClO4BSjZ;0
BOI5BBIhhuk;0
BON_AjCBLb_;1
BOpZbacBwk0;0
BOrcKv0haU_;1
BORkXmGB--r;0
BOUptVmBlDC;1
BOvhUjyBpWC;1
BOwDuIuhoHi;1
BOZCm8ZBq_2;0
BPaKOu0hBZm;1
BPFBuqOh3Wn;0
BPfLJwKBU1I;1
BPga80_Bu7S;1
BPkYO04hDe3;1
BQhF2M8B8Tq;1
BSbLNeyBdRO;1
BSkMeYYhniC;0
BSlfV9VhTkq;0
BSstTkNBc15;0
BSTDZVEhFN9;1
BT6IJDVhjTM;1
BTD4pNZBLWB;1
BTJdmFUhpap;0
BTtBEEdhaml;0
BU1E5iZh7aL;0
BUn5shshEQR;0
BUV0Im9B9HE;0
BPCpCR4h8p5;1
BQ9NU3QBFf3;1
BR-wo83hWnI;0
BRh03xyBvlm;1
BRI2FINhZzw;0
BSQvuUvhkhp;1
0ukuCclYj1;0
0uUlDNlYkk;1
1XoixbFYl4;0
3_NlinFYu0;1
4b1sfTlYhe;1
5hEseTFYiO;1
5RtGA8lYgb;1
686ITMFYjx;0
6eSiHtlYq2;1
6_VHz9lYlI;0
7IQz-xFYqJ;1
7zIAsEFYjd;0
BBPZiLpFYvG;0
BF8qYuqFYt8;0
BG6lLVuFYmm;0
BHmYBaSBa0x;0
BIKRSjvBjs2;1
BIpJAkFBdRr;0
BJsXetohEOm;1
BNk9gWTBtAo;1
BOruhvhjU11;0
BP93i99D67e;1
BPhT6DqjUNs;0
BPxIQEejX02;0
BQ0EJWAg5mc;1
BQ7_sfwAKGU;1
BRPhIgtAYkI;0
BRVLUfUAql-;0
BT6KmeSAJEk;0
BUeYEbrgwwr;1
BUgBYzlAD8A;1
BUje1IQg8G7;1
_tujDYmnTJ;0
6Ch1MWmSDG;1
87AdxwmSNg;0
BAoCn69mSOm;1
BHor0RJhYSz;1
BIr3_u4huRd;1
BIUtENgBcWv;1
BJEwYd8hhR4;1
BJXRKqyhTez;1
BNHQo_XA-fD;1
BNNj2QjjMzw;1
BPgzcFMADKT;0
BQc1W8MgoWc;0
BRqOAtulyqR;1
BRX0V8FDKEM;1
_8PY7RmSIE;0
BHs2P2Jh0QO;1
BI9xGmchRVZ;1
BI9y7bphOoE;0
BOXLYPlBb3b;1
3zuYNigfCP;1
BGE0AnngfDF;1
BGE1ZaagfG-;1
BGgPGsgAfD1;0
BGwlpmfgfNC;1
BOcckC9DXIA;1
BOPUBVsDfbe;1
BOUJPY1jxOw;1
BT8-rXYFhTW;0
BUjX0qxlVuI;1
BUjYrBDlASP;1
z__LijgfCk;0
7hmFkSjQ6c;1
BJ7AH1Cgp5E;1
BJIR1dEgr7r;1
BKPStNNAZ0O;1
BLDe-2vguo5;0
BM6YFeMAbIp;1
BM6YohCgxmS;0
BMbs-HUgc5B;1
BMJMKVJgdEx;0
BP7KQfggxYQ;1
BPe9azpAQQQ;0
BPsHH3iA3HA;1
BPxPC2YgvHw;0
BTp_DM1jCY9;1
9ropITuf8y;1
-1M8NWBekt;0
BEh8iM4BesT;0
BGJdBPSBejd;0
BH7LIreDkW1;1
BH8s3NiDf4g;1
BM6TnBFjxs4;0
BMb1-HnjbM8;1
BMY19qPDg7C;1
BN0bTDzDLrj;1
BNTOuLxDAIw;1
BOrIbBbj6n4;0
BPhqL6YDYOq;1
BTLwTy_DEMC;0
BQgH4dAAFE3;1
BQgH6s6A45V;0
BQhybGDB5ti;0
BQhyJ2uB7sm;0
BRPN6NmBXbj;1
BRPOxIbB0ni;0
BTGyTN4BdPI;0
BTIqDkDhler;0
BUie2o3hURX;0
BUifAcHhn7Y;0
BUifJfnhpWX;1
19_lc-KK8A;0
1H2PgQqK7U;1
1ksNykKKyu;1
1uE0AFqKx-;1
2zS8TGqK1t;1
3iSRomKK6e;0
3RRn8hKK52;1
4g_tlSqKxD;0
4k7CRiqK16;0
4k8uEwqK4g;1
507vV0qKyS;0
6mQkBLKKzE;1
7WOxwSqK87;1
BAE4vjbqKxT;1
BBvqT14KK9g;0
BDiktgyqK5_;0
BDp6Y7_KK4j;0
BEghEvJKKx-;1
BE_gyYxqK7s;1
BFMMHuvKKwl;0
BGF9WNpKK4n;0
BGh-Gd6qK0R;1
BGK4jufKKw2;0
BGw5lrUKK51;0
BHFIRbpATTg;1
BHn1oxEAgka;0
BHtME93AtyU;0
BInAzkOgQt1;0
BJdHDREAE8p;0
BJEhykUABvv;0
BJNmlx8go8-;0
BJqBIPiA5hz;1
BJuq8Dwg3p8;0
BK43ToLA4g8;0
BKyB7-2gwlv;1
BMn6xQxAASZ;1
BNhAZrigSXN;0
BNtrlVNgWFz;1
BNyJLf5gSdr;1
BNYxpeBAlcU;0
BNYxR9lgbDx;1
BOo1qEAgHm-;0
BOrWCCagmaD;1
BPP2d4AAagI;1
BPPy_FEAKRE;1
BRf4rcIDwr6;1
lJDCNqKKxG;0
p55rygKKzf;0
p59L4yqK2d;1
pBlkJ2qK2u;1
pFZOWwKKyu;0
pktPFMKK40;0
pny8mzqK6K;1
qF5DpLKKxM;0
r582AxqKy2;0
sLdTrwqK-F;1
t4oBWiKK8v;1
t4v6qVKKya;1
x-4rXyKK2K;1
x9XiG5KK4o;0
xCBDVaKK-7;0
xJL9K7KK9T;1
xOWAoJKK2A;0
xqDlUsqK4H;0
y9XAPtqKw_;0
yicn1MKK6I;0
yMUXYFKK91;1
yvaxDLqK2I;0
zClgRIqK3L;1
zW_Kp_KK9Y;1
z_uvSeqKxa;1
30HwwSRUdz;1
321xdnxUbM;1
33EdOExUdN;0
33JCQXRUTB;1
3iJtzgRUby;1
3iPF8rRUTT;1
3iSn0pRUXi;1
3iTJ8QRUYS;0
3kl5_nxUc-;0
3kmklERUd_;1
3kosL_xURR;1
3lHdECxUc-;0
3lHkYQRUdD;1
3nIaAdxUeP;0
3nIS20xUeE;1
3nVdatxUVK;1
3oV_RjxUQE;1
3q3M2ERUUh;0
3sFAL7RUfN;1
3sFWYYxUf9;0
3x4xF0RUXa;0
4Ip2hMRUWS;1
4IpmbORUV6;0
4NtdQOxUUe;0
4rIhjeRUWl;1
4rIlCERUWr;0
4S0SWUxUR9;0
4shfAmxUYI;0
4tnUMIxUa-;1
4VKeVlRUf7;0
4v_r7VxUaa;0
4xlupwxURF;1
BSU2eZ6FGtq;1
BSWOQZHlQ_Z;1
BUeXHxNFOpz;0
BOGdeNrAS90;0
24nU3RGSKZ;0
BEdILxsGSOM;1
BGEhMz7GSFi;0
BGeicWTmSFa;1
BGEko_XGSN7;1
BHESCdZhKxO;1
BHpa2-tBAwt;0
BIxTGqghe14;1
BKH_wrGBTws;0
BKk0oVQBreY;0
BKkzOPAB0-r;1
BKSzR0IhqtZ;0
BLQdFGKhKyI;1
BMdZ56ohVZq;1
BMjVjPABH28;1
BMlof3Bh16j;0
BMqEpTMhdf0;1
BMqwPDhBQjr;0
BNUEK0mBN8h;0
BOhgPjvhgTK;1
BOkEqJHhkKw;1
BOR1HJshyBv;1
BOrC6ziBYfo;0
BOTRKD6hhOB;0
BOYgHMSBSke;0
BPRBroXBRBw;1
BPRHBXUhQoM;1
BPRw6QuBoG9;0
BPShvlmh0Sm;0
BPuEQSMhTj6;1
BQ-TKhuA4B7;0
BQAbSt2hwwy;1
BQAB_qmhj6j;0
BQC0WqqhVVr;0
BQFgFWPABGI;0
BQkjg55hfyy;1
BRGDiDBgWio;0
BRGDpfbA6XT;1
BRPUi9LgRq1;0
BSBZlWdAuJu;1
BSGdiCngk9r;0
BSiY7URAuUT;0
BT01XKVA_0W;0
BTGevRIgnmy;1
BTQ24Ljgym8;1
BTYiRDqgM0-;1
BU1R2J2FJdO;1
BUg22K5gjJx;0
BUg8wCvAFBM;1
BUTkXTFASKx;1
BUyV8SWgrR7;1
_Jx5EEGSOP;1
15BFhhOLoE;0
30SSXlOLkV;0
BAmc09ROLj9;0
BGEqGxkuLhk;0
BGx-OH0uLk1;0
BKurXAHDs3c;0
BMAvrWsDYpL;1
BOPe-1yDvUl;1
BQvB0XZAeLu;1
BRNnd-ngN2E;1
BRPharMgbNr;1
BT52EOKlMmB;0
BT6kMEOlb54;0
BTJFglul_fo;1
BUeh1solrTR;0
BUjvQgFlXoH;0
BGJA0oDOj_T;1
BKky1oWAoKv;1
BGHLT3cDFwh;0
BIFSpjKhZnm;1
BJSYElPBd6G;1
BMrDGZLAzCa;0
BMvLU6oAUL5;0
BNJ1uXqAn0W;1
BNJw9ACAh7y;0
BOCIXMMAbDo;0
BOFRCawATTb;1
BOuDpI-Accv;0
BQfv_z-gH39;1
BQh-R6igjNW;1
BRNk09dDclT;0
BSlZdYxjBFa;0
BTJk3p7DxWE;1
BUeeOZpDe3h;1
BUMcydgjWRx;1
BUMfH9jD1n1;0
BQ2hPIQgePN;1
BQ9TMxxA48G;1
BQcz1kjAmqZ;1
BQkuiEuDToU;1
BQpP6tfglED;1
BQsCl0uAjTE;0
BQxnwFqgbcr;0
BR-h_FGAG_O;0
BRQZQ4RgGBI;1
BRVUyuBgHqJ;0
BRxgeQzgGBt;1
BSA_eRWAPpO;1
BSOVfOsARM9;0
BSp7x7fgeXl;1
BStDKNuAxHk;1
BSTmHQ7Ajme;1
BSVtpKeAjX8;0
BSXcnBOAVZj;1
BSXu4DyACVZ;1
BTbXgeSALPk;0
BTeObswg9Y8;0
BTjUaKdgQ9G;0
BTOzUwbg0N0;1
BTQHcg4A8gT;0
BTqm4-VAcm4;1
BTytrF7gW_t;0
BUbpNLPgHrf;1
BUeZ6pwgu2T;1
BUhQ2IyAPyg;1
BUHWVfLAkFx;0
BUlca44AJdk;1
BURqZsjgkrh;1
BUgk3vUhdbk;1
BJNlwyLDVbr;1
BMoX3_rDXGb;1
BMT0CnVDm3b;1
BPSC_tkjeWP;0
BPSLvcFDKvK;1
BPxDuJfjjM1;1
_NzgNqHkcQ;1
BJ9az11AEWi;1
BKsi2iUgT5T;0
BMY2oOhAnnp;0
BOuAkA-g3YE;1
BSyOjlID0uK;0
BO_M-z_BIup;0
BO_T028hd_L;1
BO_UJ-MhnZL;1
BP2WeZ9BX-Z;0
BP3mof_hXOi;1
BP4clepBXgO;1
BP97k0ihlsM;0
BPBxSh8BdG0;1
BPiMfvVBgkP;1
BPQTnO4hLdd;1
BPT65DpBSvq;0
BPT6rlvBKq8;0
BPZJiGWBeIa;0
BPZKkYHh5y3;0
BQ8MyRtAoeJ;1
BQ8N--cA2F2;1
BQ8NelRgW11;0
BQ8NNrLAmIp;0
BQ8NU0DANG-;1
BQ8OF3tgqNI;1
BQiWesTBFLE;1
BQRssFzhVUO;1
BQVDTJ9B9rb;0
BQXKQWvhkwY;1
BRi4EnEgwuA;0
BRijqWvgZi9;0
BRikD4pgfCb;0
BRikH_KAcxD;1
BRiWVlcgKMn;0
BShszoPAGdQ;1
BShtVhaAwKn;1
BT6hm27g_GP;0
BT8vaRBgdEG;1
BTrE_ZFA68F;1
BTrFPAAAOH0;0
BUwveQggxnN;1
BUZQAM4A3Cj;0
BOBm583Bfga;1
BPM1yT-jsOY;1
BPM3A0PDDQP;0
BPM3fKJjgqb;1
BQ-aVb0gYbP;0
BRA0Oklg5UH;0
BRczttsAf74;0
BSNzE1JATtR;0
BSVnzSoATin;0
u8HeKuw1Py;1
u8LOyow1Fd;1
u8NEJiw1IW;1
usBk4LQ1BL;0
uukaKmQ1Ox;0
uukovow1O2;1
v-qp35Q1LF;1
v0yK5zw1NX;1
v0yllNw1Pc;0
v7rSfgQ1Pj;1
v7RSNhw1Lp;1
v7we1Pw1If;0
viBjEWw1Pe;1
viBP6Kw1OQ;0
vsUEwAQ1Lx;0
waj_uYQ1AI;0
wc5i2Qw1AA;1
wcz5d8w1I9;1
wdSP93Q1IF;0
wL_xQHw1Mi;1
wY3R6nw1JO;1
wYw419w1Hj;0
x31c1eQ1B9;1
x3br_rQ1K_;1
x3Z72XQ1Jy;1
xg3oPFw1Lb;0
xg7tJJw1CL;0
xOFCnKQ1J7;1
xOFER4w1J8;0
xRcpbBQ1Ff;1
xRdMBgQ1GO;0
xRVhRAQ1K_;0
ygj3f_w1Di;0
yjcuQaQ1Pn;0
BBm89M7jNjw;1
BBm97_gDNli;0
BEdQ4kujNsS;0
BFOhf03DNoz;1
BKxYduXgiou;1
BMjXtP9gQFt;1
BOZT8Y-gbBt;0
BQ7eQpLD5KH;0
BQ7eSP-jxwh;0
BQ7eVxhjKJt;0
BRQBcEXjPFt;1
BRQBp9ojVhH;1
BTIrKi-DCaR;1
BTIwj85jE-H;1
BUh0mCsDoIL;1
BUh0N7yDTzR;0
BUhzDbejG_-;0
2xQEkESF-_;1
3lEkp4SF17;0
3Om41cSF0y;1
3Oo7WryF4c;1
4ZaXyNSF37;1
5bVT0WyFy6;0
5tpK66yF5J;0
5W0zwuyF8q;0
5_2VstSF2T;0
67EFcTyF0g;1
8NwmJ-yF2-;1
8sN7KNSFzj;1
BBMPfjhSF42;1
BDX1mQnyF7T;0
BE2v07XSF-2;1
BEKg4bLyFx8;1
BGLChlPyF4X;0
BHjh9ABBZz-;1
BKSul8-hwd1;1
BLbOPrfBsEi;0
BOwITJTBAUa;1
BRhcqE5hkYy;1
BUuOzHGBZ3T;0
BOrA9V7AOR3;1
BOv2MQEAXQ0;0
BOwkGqeA3X_;1
BPCCS0LgdXm;0
BPcnbf5g0Oi;1
BPnjEkMABKd;1
BPsPxoWgj9A;1
BPt6wxQgFtX;1
BPuQUbhgusw;1
BQ-oAPfgSQY;1
BQfB8nIAfB2;0
BQfTu_Dg2ox;0
BQhQ2HaAQRb;1
BQkifPPgUmY;1
BQkIW_BgzjP;1
BQkt7M1gJxi;1
BQxNhEFgnHZ;0
BQxniPngnlZ;0
BQzeJs1AR5-;0
BQ_4kNFg9M3;1
BR24oN5AFWg;1
BR2mxt4gx0C;1
BRAnLJOAucw;0
BRLPAz-AJkm;1
BRLZsaAA3dG;0
BRM_l-tArsf;1
BRUsYXrAf_L;1
BRV7YIfAYo3;1
BRVoezCghHr;1
BRVYczBArgM;0
BRXWJcLg6Qs;0
BRYCRmMAMqw;1
BRYjJsQAGuY;1
BRYVzpDgQHR;1
BS2xsmDFh1i;0
BSanl1-AcLw;1
BSbcZPgAEJr;0
BSftBgZgDm1;1
BSI9EUNgnEo;1
BSkddd7ggYD;1
BSkdX1DgdZ7;1
BSoaK4RAwOg;0
BSq507ygxtz;1
BSqKMvuAgIf;1
BSsPUmQg-xM;1
BSsudK6APDs;1
BStKnwHA7rF;1
BSTT9iKA5ze;1
BSUjjJ1AGD1;1
BSXdMDXgtBT;1
BSxiZw6g4z-;1
BSxJJ6Wg4pV;1
BSXn7CagobD;1
BT8BxLuln7B;0
BTaayOKl10q;1
BT_Y1kyl4v9;0
BU53O9xF9x7;0
BUmP3ObF4cx;0
BUrBb_ZlKy9;0
BUrxDXHlkQV;1
BUwi1M-lKFJ;0
7yhvjFNzpR;1
9S7eEPNzoa;1
9TMmYytzgz;1
9WLixytzrK;1
9WLLDYtzqX;0
9WLxN0Nzre;1
BLhbHbWA-lf;0
BLM9CULgs4-;1
BMDAG13gQDQ;1
BN1hafCARCV;0
BN8jbmvg1ab;1
BNgYX7ggRd6;0
BNhRE7egaZN;0
BNiWvIDgpI_;1
BNlgx2LAcnS;0
BNZBh1ygqyf;1
BP-X4xZgCih;0
BP9_phZgKv2;0
BQBtyDygUzk;0
BQDPRk2AqC3;1
BQPyidJAf3y;1
BTwYUkVABcR;1
BUDhIQRAEsf;1
BUJ8_h1gH1A;1
BUyhV5kg8Jx;1
BL52bxThY3m;0
BLV0Gpihbt6;0
BNVUmKKBFOc;0
BNWOwoABNK6;0
BQsUJmqjVWi;0
BS07on7jILA;0
_rbAItgjmT;1
BK223G1BNS8;0
BK22fX4hI0_;1
BK22oTnhiz3;0
BK23lHYBXDO;0
BKm_6pmBLpz;1
BKNl68ThQPf;1
BKNls67hewZ;0
BKNm-xCh3kw;1
BKNmv02h4Zq;1
BKNmzAOhUf9;1
BMACu7AB0Av;1
BMpM0voh4kY;0
BNG0Sk2BOkN;1
BNGdOn9hxSU;1
BNrBWfTBSby;0
BLqxMUoBf1q;1
BMobSwQh_nj;0
BMv2_9QB_L-;1
BOFR6lDBNxO;1
BPP2nw4hb5w;0
BQfyDXFFVlt;1
#NAME?;0
BR0oUBKF8LY;0
BRiZMA1lNQZ;0
BTOOGSClIRr;1
BUB_nJNFNnN;0
BUOhusulyn6;0
BUToKWvF6tw;0
BUTzaXPFu6e;1
BKxuzJgg8jY;1
BOEuyzrgwMG;0
BOUJNf0gCZ8;0
BPgr5j-g43s;1
BPy-xLpgsZI;0
BQfFVwNg1eA;0
BS3YIq7hxrx;0
BTihDHzB52p;0
BTndnoFB0Lc;0
7S0KPopMsT;1
BC7s1coJMot;1
BDnT7-QpMhn;0
BF81EzSJMn8;1
BGBuga1pMqN;1
BGDqAFupMn9;1
BHdCgLMBBQR;1
BHt5zkEBcPe;0
BIxBvephL2k;0
BJAmv7eBI3_;0
BKFfwtAhayM;1
BLmVJiYBleN;0
BMn8-kNBJAL;0
_6c1maJMp0;0
_tMssHpMu9;1
BCz9cgbsn1p;0
BDsicnMsn-P;0
BEadpYyMnyb;0
BFKlHVFMnyP;0
BFKon9bMn6l;1
BFKoW5TMn53;1
BFLtvh6Mnyx;0
BGMLj3yMn3x;0
BH08Wdajkht;1
BIUs41HA9iJ;1
BIxM-SWgFmx;0
BI_t6EIgl60;0
BJaOT94gp6D;1
BKaBZc2j9Ii;0
BKF5WuSgLaY;1
BKfKXCiAa8k;0
BKvPg71AtBV;1
BLLa4BnAoAY;0
BM6bbUYgf3f;0
BMBsggsAQOE;0
BMjDL5KASV_;0
BMv2G9KgVUN;1
BMYp-kXg4xP;0
BOMrqtIgPZs;1
BPuWboVABPT;0
BQ75MnQhR6H;0
BQHwFK1AcZg;1
BQpLp13BkZ8;0
BQSXP87AzDY;0
BSG6kxWh-ER;0
BTvt0iVBKv-;1
BUd-7Lfh6xm;0
BUDXeEuBqM4;0
BUeQWwqhGxO;1
BUW94fjBF3O;1
z85dgTMnz_;0
_pp1-lMn3e;0
BQ-tBSmhXLD;0
BQ2lhroBBpr;1
BQ6-MhgBdLQ;1
BQfRQgjhZ4p;0
BQhrw15h3-K;1
BQIig1ZBrlQ;1
BQIYZHVBVUq;0
BQK2Kxzh9dO;0
BQkXuHYhoPE;0
BQQIiZDBwjF;1
BQsBzx_B5Pl;1
BQSf-fABjU-;0
BQvAslchfAU;1
BQVRDQ-BM8Q;1
BR21ZJqhCiJ;1
BR22lg7hnN_;0
BR29emZhQN-;0
BRLj6nyBtOE;0
BRX9kW5hnjE;0
BRyDgLihM14;0
BRYQiC8Bbrw;1
BRzQJvMBMBr;1
BRzRtN4hOam;1
BSbHK6YBjBf;1
BSLchvWhafm;1
BSLfAFlh1Om;1
BSLlkhVBWA4;1
BLaswzLBVs8;1
BLBNtPih-L7;0
BLGfz6IhqK8;1
BMrE2jBhaWs;1
BMu3r6IhcJU;1
BN1-tBJhrPy;0
BOsL2xCDW4V;0
BO_nn-nj57k;0
BPaDcQOjIWY;1
BPhGeP_DOsi;1
BPkSzSWjugl;0
BPmleXiD5gR;1
BPM_uLNjTEX;0
BPO9TF2jWOz;1
BPRj5oxjyA4;0
BRxhlTeFsdm;1
BTLv2BqFB0R;0
9-10qJTB_o;1
BIaMR2IA62U;0
BIO3mmnAysA;0
BISYT8-A9wv;1
BJh773ZAl0c;0
BKlEfPRggNn;0
BKQRZVvgpSa;0
BLBGv9vgrb2;0
_lXPL8zB7d;1
BKx2pbWjkbi;0
BOaT3zED5fR;0
BOop91_jgH1;1
BOVM_wGj4ti;1
BOZPms0jFYq;0
BPNVN2QjfMW;1
BPzCn0chV-7;0
BQ7l8bTjWuQ;0
BQE3wWDDTTP;0
BQpcrNzDeFc;1
BS3n-f1DIjr;1
BSKtUoujsPZ;1
BSYbNa9D0gv;1
BTJZQJrDLcG;1
BTLOv9qDqnF;1
BTUBrAEjfGY;1
BU2iWRkDmAP;0
BUcF2GLjwi8;1
BUi9xK5j1ee;0
BBbrrMln7NK;0
BNfL1fIDswd;1
BNfMGm9jQYQ;0
BOdzB0dDGsV;0
BOe3uG0jxPg;0
BOKABfWjwzu;0
BOPUPUGjobJ;1
BOUE_D8jdm2;1
BPo9km6jEye;1
BQ-zUbmACU-;0
BR2358JAPyw;1
BRdDVc1A809;1
BRTSmTTgZC5;0
BS03NiFgRac;1
BS5tJ4ZAYLD;1
BSc2NnYgEl4;1
BSd05VwAvnl;1
BSqRehEgtwb;1
BSTgRysgVnp;0
BSYamU6AoVD;0
BTgwdc0ALZb;0
BTK_36oAUFT;0
BT_Ms6jgskY;1
BK0fRW9AZHB;1
BKLLey2gpXC;1
BKPsrQ5gBj-;1
BKRmyQuAif5;0
BM6SMFzAFYS;0
BN3Vt_Dgg3c;1
BQDIaL8gswO;0
BQNUCYVgKqp;1
BQVBbGIgKAq;0
BR7JTHzFIsX;1
BRcn710lj7U;0
BRqIToGF_0o;0
BS8xFGMlUJc;1
BSc0xdsFpy4;0
BTKzi8blWte;0
BTlDfQQF_NB;1
BU3P8aoFru8;0
5UP7xRCiDg;0
BGtMxHuiiL4;1
BHO5VNbhxVi;1
BHXfj2VB1t9;0
BIwq7m0BxcI;1
BIXa1A6h5xh;0
BIXbMr3BpxI;0
BIxTBSeh9EN;1
BIXTJw8hkBQ;1
BIXTub2hFUG;1
BIXULzOBgDE;0
BIXUtt0hVJC;0
BIXVkUTBzPN;1
BIXW6pTBdI3;1
BIXX4vgBhQG;0
BIXXXXSh94v;1
BIXY3pHhTG7;1
BIXZVNgBODw;1
BIXZzk7B3os;0
BJA66sIBznL;1
BMaAiP1AYVY;1
BMaCd-cAwD_;0
BMaZV4FgTF8;1
BM_YCjkgHgM;0
BM_ZtQkgBdW;1
BNhMOCfgWUK;0
BNhMxKOA31Y;1
BO9VTaKgm2Q;0
BOeEn0rAhjI;0
BOrlloXgktN;0
BOT-VdbgaB1;1
BOwNeUYgfRQ;1
BPe_FpRgX8A;1
BPhYPS6g_rS;1
BQ9ZvLPhaQF;0
BQF3WP0geB-;1
BQpMvQTBDPl;0
BRPqt_Mhj4b;1
BSoPMa3B9Zo;0
BTD2iMkBpOG;1
BTN_trThoTz;1
BSVv_vGDIMn;0
BCRuXqsFUcp;1
BD5NpEqFUYZ;0
BGLviCPlUaE;1
BK7yhSUgWba;0
BKe_BX3gzwl;1
BKk_dtHA7tl;0
BM6XsHjAlcf;1
BMYlTAGglqS;0
BMyuRzOA4bC;0
BN1l25fgBfi;0
BNbuo2bALbJ;0
BO9F_I-g838;1
BPkLstgALdp;1
BQExik6ALlq;0
BR-u8DKlEMr;1
_ySNKUFUSR;0
BLNwd9nA2SU;1
BMWVKaagevr;0
BNrVR-8AmI2;0
BPE8_HYgv5p;1
BRK52LQDldO;0
BSBYyjuD_j-;1
BSvhpH8D2Vz;0
9cvFxVLWAA;0
9n9Z9nrWGv;1
BBul52ULWLd;1
BCc836_LWMm;0
BCc9FwKrWM_;1
BChDHPYLWD0;1
BChDMS1rWD8;1
BChYvYLLWPS;1
_X7EulrWLR;0
BN8Z_qIhRMe;1
BPM3j7ZBAx7;0
BRazLswg5-e;0
BT1XQOfAFlJ;0
BKE5OnDjWUE;0
BKihKJbjZId;1
BGfb47LglDd;1
BGfciadglFH;0
BGVFpsQAlEl;1
BGXnAk3AlJf;1
BHpP7DRB4wp;0
BHr7CC_hkc9;0
BHzbZxHBhzh;1
BJHzKe6gOg8;0
BJKzyTqAaOn;0
BJQcBj2gGOd;1
BJQcItggMPT;1
BJQcUIegr7C;1
BKJwm9DgDiC;0
BI32xVshHo2;1
BKMuRIZh_Dy;0
BMokMNhhROl;1
BN0sGRRA8qv;0
BOBHrxvAZ5b;1
BOj8oErgWuF;0
BQh8XsHgODX;1
BRDRTw8A7Jl;0
BSYNLR8AVXk;1
BU4RVP6A1nQ;0
BUIbcBTlqRP;1
BURU5AQgf7w;1
BJH91xEBfg-;1
BJM-eTQhrd_;0
BJNAKgkBzb2;0
BJUgabOhBZv;0
BMoPCHABoto;1
BMoP_zKBBBl;1
BMYwYooBeQp;1
BQ864kgAXuZ;0
BHjjiWYg1No;0
BIeh4zggLpf;1
BJAY1PfA9e7;0
BR7_8DhF98P;0
BRPjdsKFCXE;1
BRV2OZ2Ffrd;1
BUTw20NFK4I;0
BUUAejJlh72;1
BP4l_mqBssb;1
BQF0iE6gP9m;1
BQnkhLIBtMB;0
BR718zwBUcJ;0
BRlf1kqBuVf;1
BRM-64bBtoD;0
BRM8jg1BlwI;1
BRM992nBqPl;1
BRYaIVdhIA0;0
BS5xOCdBqHI;0
BSab11RhJgG;1
BSF7M-oBBAT;1
BSfLMwJhKgZ;0
BSn1I7Mhxt0;1
BSQqC_cBMsy;1
BStEEmlh-kB;1
BSYPC6BhY5f;0
BTeTwbFBnCK;1
BTf7DHUBZaL;0
BTgslDChvRd;0
BTqzc7_B9CP;0
BU4H2ewh4vb;1
BU5AzWEhGQK;0
BUYv36OBL0x;0
BUYvhevhRK_;0
BF5wF_wSzrT;1
BF7yvr9yzjZ;1
BGEPkmrSztA;1
BL5cT5XDZJB;0
BM-Y8Z0jnpy;1
BM8E42yD7Wy;1
BMapgvpja5b;0
BMlmRq9jv6c;0
BMuhb-TD8ZU;1
BNHbcEkjqFx;1
BM_G2EYg_Ab;0
BNthwD8Azyt;0
BQhtBJPBNOv;0
BR8I2wZhNjM;0
BRkk_7nltHS;0
BSmJyPPBDjz;1
BRvPOiCg91r;1
BSBjMLNgPBL;1
BQ2uXqcAGSv;0
BQ7mRypAYue;1
BQ9N8mrAO11;0
BQ9OBPkAZPl;0
BQfR2udhYpX;1
BQoqReuAxi9;0
BQYF5L2h85l;0
BRfN-9cgfO-;1
BRhAvFhAozk;0
BRxdg_SATp4;0
BS9j5qLgSf0;1
BSBgPEtDtD0;1
BSDxKceAKa9;0
BSeqDyXAs_L;1
BSGCSO7gRNA;0
BTTjxrAjfSb;0
BTttxGCA95Y;0
BUjs1yogGt4;1
BJ644LzAJpI;0
BJ687vVgJCz;0
BL0yOM6ghUY;0
BLAdDRPgbtm;1
BLBJkm5Aoce;1
BMI1lgagSIH;0
BLj89z2j-2t;0
BLjWGIwj0WX;0
BLjXFJDDVky;1
BLpBg9JDc4v;1
hvtQp6kLEH;0
BN0ba3pBw28;0
BN0NnY6hvx-;1
BN0TuP4BJT-;0
BN5aQqHBjHM;0
BODqcbBBatc;1
BT-r4zZg5kv;1
BH6mZCrDjRi;0
BK5sh5cBe4C;0
BMiH-KmBpDI;1
BN-mxnMBjQ9;1
BFOaOEjt9HA;0
BFWXl5QN9D6;1
BIEx95JDSLx;1
BJr51G1jEDl;1
BN_3ztXjz-5;1
BQmve1cDBWM;1
BRWrgfmjEph;0
BFxSXcSRoBG;1
BGTUQxiRoL0;0
BICRcnRAdTF;0
BIONlDQAfRU;1
BIpoxo3AdUB;0
BIvx7ufgR-u;1
BIvyEquAYbk;1
BJ265U6A1fP;1
BJ27AhxA7pX;0
BJANE4DgYcG;1
BJkjvcHg9QK;1
BJKs0Ihgww2;1
BJKtCD3AJGB;1
BJPrZTJA7fV;0
BI4f-3-gXUT;0
BI6Ts5QAvua;1
BI87QA8gBr3;0
BI90TzdgLxj;1
BI9ejdbAoOP;0
BI9fej9AptG;0
BI9qBk2gv9Y;0
BIcXRv7ggi1;0
BIwVh6ugL1e;0
BIXb4F8A2my;0
BIXbsBvgsXD;0
BIXlegCAOBX;0
BG0-ihDNX_a;0
BHCssv5Bs1w;0
BHCs_ZmBb2S;1
BIPz-8uD8AY;0
BG78OUttGdg;0
BH9haBng5bY;1
BH9nARGAVvA;0
BJe0PTOgsa9;0
BJe0RuhgxyZ;0
BJezkTngloB;1
BQ5SKhnhcVK;1
BR2V7B1B4h3;1
BR7q0bMBiPH;0
BRxfx_8BO50;0
BSK9x0zBaac;1
BSLCdbqhmxT;0
BSLDL7bBQ7K;1
BSLHOXThyP3;1
BSLRYaphnyq;1
BSOLCe6h3-F;0
BSOY4aeBnko;0
BSurvvtB5De;1
BOPMGJdgmQv;1
BSGDxkKhKqD;0
BLUqiO8AzTp;0
BMeGBEnjADV;0
BMeGDlfjLag;1
BNHJXrTDIOY;0
BNrJLTWDSWc;0
BNrKLP9jSkZ;0
BRDY-_4jx00;1
BIckI3gjbtT;0
BId65GjDdEt;0
BId6wsKjWQ-;1
BIdxVxKDYat;1
BMAEFBmDFLt;0
BMLwGI1Dcea;0
BEc9f0RtI2h;0
BEc9mu_NI2r;0
BEcyctNtI4r;0
BEczQVxtI5k;0
BEczXjqNI5v;0
BEczysdtI6W;1
BEdZ3EYNI4J;1
BEgSnWVtI08;1
BEQRQa6tI0I;0
BEQRregtI0-;1
BEQvQjOtI29;0
BER0k-stIyp;1
BER87X2tIy4;1
BER8GshNIxM;1
BER8l7KtIyO;1
BER9s6bNI0b;0
BESDP6ctI-B;0
BESErE1tIwm;1
BESFMTTtIxg;1
BEST5BQtI9U;0
BETRhTLNI2Y;1
BF-boZENI0p;0
BF-cEVDtI1s;0
BF-e4O4NI76;1
BF-e50dNI7_;0
BF-eEB9NI6R;0
BF-eekdtI7I;0
BF1SPRDtI36;0
BF1Uh6wtI9H;1
BF1UZ_iNI8y;1
BF1VJx8NI-i;1
BF3T4dntIwC;0
BF3TlQ6tI_h;0
BF3TtXBtI_u;1
BF3UIb2tIwZ;1
BLWGEgmD6hA;0
BL_eG22D237;1
BM2MOONju5Y;0
BN037frDowv;0
BO-4y1zDoOC;0
BOaJAq9j17A;0
BOnD1_HjVby;0
BOnDqb_D7pq;1
BOwaj0hDk5k;1
BPARRFkjzjp;0
BPAZTs0Dzi2;0
BPCBbQ5DRD4;0
BPCBOQxD7XZ;1
BPCBpAKj2K0;0
BPcqx0xD7Pm;1
BPcrDK0DYst;1
BPHY52HDcWB;1
BPiAU3pjFjg;1
BPJFyqRDlY3;0
BPLlmVCjgUB;1
BPLlvM0j_v-;0
BPSOIPyDSx8;1
BQ-Fnx2BA5-;1
BQMbgPpDyUo;0
BQsL05PhSHr;0
BQZLVREjNl-;1
BSJs9YeBgJC;0
BSJtKX4hubk;0
BSXC-SIBpnr;1
BSXCyTXhl5g;0
BG6jGRFhWt1;1
BHAO32nBWti;1
BHfQJOyhPsn;0
BHP6o8ShJQl;1
BHR0UTyhRhs;1
BHu4ajzB13p;1
BHXtE6-BwD_;1
BJXSkxTDSpJ;0
BLeMo1ShmpT;1
BLNx11shwTh;1
BLsiV_hhDmI;1
BMt58ALhEb1;1
BM_-7GWBsbu;1
BOA9h0Phk9k;1
BOICCrChNXE;0
BORZQIoh25s;1
BOtDWothjqT;1
BP1Jt_cB97g;1
BP9u0FBhOn5;0
BPC3Z_hBVrt;0
BPCdGxPBJ_e;0
BQDRNCphnPA;1
BQXj6nRh4w5;0
BQznNetAMYC;1
BR2ts4yADhr;0
BSngn3FgYTH;1
BSOCBL8AleL;1
BKyI8_TD9BF;1
BLaHPqFDTli;0
BLN1efEjFWc;1
BLTFW2VDH-6;1
BNAsybmDYEU;0
BNAtf9ODxLy;0
BNQQUWdDgF3;0
BOerzL6jHrX;1
BPzpDeMD1wX;1
BQVR-5LDT47;1
BQxpn2JDANt;0
BQxqWhQDEdI;1
BSf2lm1DyRj;1
BSKb54RD6YD;0
BTan3btjFsW;0
BTMSjovj3jX;1
BTppr3SDthf;1
BTvE8qbjLUs;1
BTWXp9OD_uu;1
BIyc7OlBgfN;1
BIycMlnhFIC;0
BKfviICBB0p;0
BTdH0yUhVlD;0
BTdNPsGhqCJ;1
BTJPokNhEJn;1
BTTZZ7cBIPz;0
BUipOzXhtQV;1
BHy3ZfQjxXA;0
BKDg9paD7CL;1
BKqA1TfgRbn;1
BLGnsdDDMr0;1
BMlgnIsDSu3;1
BMoUUC_jr39;0
BMtaEdIj1zh;0
BNt1H-6DCjW;0
BOABSuFD78f;0
BOsGogqDM2X;0
BP2hZp4FsBh;0
BPAMbOqjAvj;1
BPSeVWxDyld;0
BRN-Ys8jrZr;1
BSViA6fDNzQ;0
BH8PE-KB3rB;0
BIUobAFhBej;1
BJPll5lhlqX;1
BN_5hH6heqT;0
BOE7AsTBRlo;0
BP5KO8mBwdF;1
BPRgQmeBY5i;0
BPUnKhahWuJ;1
BQAzO7ThxNN;1
BRtH7kllMtA;1
BRtIIpuFS66;1
BRtILzmFzV9;1
BSa2SCclqiH;0
BSdQRZ9loM-;0
BSEXd9HDald;0
BSJPIYcjsdS;1
BSQiQUnjtiQ;0
BSV0fTKFRed;1
BHhTa5UhZEj;1
BFLYzjaRtiK;1
BJIZJWxDgdW;1
BLirPejAo4w;0
BMuyI6GgYhU;1
BGWIJ9Mx1nu;0
BMGofw0gKin;1
BMoAErFArEt;1
BN4JMSWg0QX;0
BNzCGr5gpLt;0
BN_yob1g2zg;0
BOHSgaqgAFT;0
BPhdiGKgRp7;0
BQksAqTgYah;1
BQnR132g7bS;0
BQp2WW7gb-h;1
BHWLRtqBmKO;1
BJAhYrtBXuC;1
BK-jpdDBNGV;0
BLq0I__h-rj;0
BLUoODGhv9v;1
BNwpK08BZDP;1
BOGd499BuuR;0
BOLoxpohwFs;1
BRAoN-hhRae;0
BRfKAAChS4G;0
BSnI7KEBL-c;1
BSTdpueBo2z;1
BTJip_xh1Ja;0
BTOEsJ2h8HP;0
BTYt9NWhE4R;1
BUn1mB0h7WT;1
BUZKzrhhfUE;0
BO2RvT2gDL3;0
BOnOVPpgxGm;1
BP92XYajKHw;1
BPGFAhUAQW4;0
BPkPFopg9_4;1
BPmmwpFgiGE;1
BPuRbaAjS8P;1
BR-Dal1hhhQ;1
BSQ3_CXBsLn;1
BSY7rIuhvR1;0
BUy8w09h2N8;1
BIHyD6zDLFY;1
BJnF6ZaDTTe;1
BKLPNcIDfkS;0
BN_xOAnjyVM;1
BPjpR52DB24;0
BPw6qSwjFUs;1
BRDZgHAhj94;1
BSky6cTB89j;0
BSltPQSh7ak;0
BSn8qn0hctt;0
BSS862wBAJt;0
BSTOY-5BBQ3;0
BMoMPiMgurk;0
BN3VoT_gsDA;0
BOqkzFeAHC_;1
BOTcldvA8oD;1
BPWeefHg0aJ;0
BSqinUoAj9K;1
BSU9JLMAh9b;0
BTPvUrFAVG5;1
BTRXl3zgNyb;1
BTXauevAjFt;1
BUeO2y_ACXz;1
BUVSAhegLJx;0
BAlQm2iNlgL;0
BCUoU_AtllX;1
BDcflF3Nlm5;0
BDHyws-tlkg;1
BHhRhbMDji3;1
BHjmOsGjI1h;1
BHJ_ewXDDSj;0
BHZlG3tDJ_5;0
BJfkCf-Dq9z;1
BJmS-ggDzFi;0
BJNHhoajcUc;0
BJNI8UtDQRs;1
BKDtBR0jYNV;1
BKGVju4Dt28;0
BKXo6-aDOEL;0
BLCekWpDusX;0
BLQtPOfDY65;1
BLqtxr3DUYM;1
BMQ76UdDG7f;1
BMQ89IVDf5j;0
BMqj36Bj6tj;0
BMY_j75jLfc;0
BNd3Yo2DzFl;1
BN_rbxADsVF;1
BRDpogrDelW;1
#NAME?;1
BEAI05LO9Wj;0
BEDqIfPu9Rn;1
BEfxK6_O9SB;1
BEGcJVfO9Sa;1
BEnufbsO9cX;0
BFUBb4ru9TZ;0
BGEwiI-O9cA;1
BGmLx2Lu9ae;1
BGqdLtWu9Zc;0
BGtPnLeu9aj;0
BGzSkJfu9SR;1
BG_EYFyO9Up;0
BHhih7eh8Ge;0
BHljtjMBvX9;1
BHM6BZ-Bf2A;0
BHUmlG3hvkE;0
BHwNvZShSRv;1
BJp5e53BET8;0
BJSkyz7B_nH;1
BKDuLxMhjXR;0
BMGTvYDhUrD;0
BMoexZchcrh;1
BMOneRthkQ0;0
BMrCZsFhrhR;0
BP9z6g8hnD5;1
BQU6hwtBrHE;0
BSa6dI8Bdm3;1
BSlEYfbgYTf;1
BSsT1j4hpOC;0
BTQ_-pAhUdi;1
BTRdbjbhgAW;0
BTWQ0Feh2Ro;0
BUea7aAlTmt;1
BUefdMZFqcg;1
BUgq2n2F75F;1
BUO9GujFwej;0
BURmZnmFVEK;1
BUWf4OjFoii;1
BUWknBSlcrM;1
sMpbWyO9X5;1
BJKbAephbnu;0
BJKbORchKY5;1
BL-wR6CliHk;0
BLyIwdIlxY0;0
BMEUGUDlEj4;0
BMqJRxalRMt;1
BN054pBFECi;1
BNiwpJ8FwBr;1
BNqghGcF-C0;0
BNqgkfkFRIV;0
BNqgnpEFayl;0
BOGSGkElf75;1
BOjW0RJF78B;0
BOjWNJJFOb5;0
BOoFpKfl1mN;0
BOONzjQF6fr;0
BP7kylvlh9x;0
BQFIkxDlTEi;0
BQha6FsloGN;0
BRzGEF3hCYi;0
BSfESAoBmQ8;0
BSk8X1Oht9e;0
BSpTPE2Bq74;0
BSS1970h4GS;0
90IB5oh3T5;0
9yiYYgB3U6;1
BD5D5HTh3Qj;1
BEdhCzIB3QP;1
BEdhVE9B3Qj;0
BHFKDAgjMqh;0
BHFKhySj5Lx;0
BK-J5LDjl23;1
BKDsSrejRj7;0
BKqAcgejLqD;0
BKqAQOXDCFC;0
BKqUq1NjVWz;0
BMgW-G7j2dr;0
BMlu0UPDb5E;1
BN_q3rPjq6p;1
BN_rDADDMg7;0
BOW3pDuDDRV;0
BOW4MI4DSQD;1
zztci5B3VR;1
-l2DqiE7v-;0
4RMVCQE7lB;1
BEdrNzkk7tY;0
BF-Q21Bk7tL;0
BHBDCwdh5NF;1
BHwB-C6h9f5;0
BJ2XJqVBka5;0
BMnPMRRBdfm;1
BN3rzWqhieg;0
BPPdjZwh-rp;1
BPwpsEtBizV;1
BRu2zgojxi3;1
BSV340Kj1jf;0
BSWOEYdDDaK;1
BT8ApreDW3N;0
BTN2bkAD6oG;0
BTWHcGtDyfn;1
BUgj2J6j7BC;0
BMJZYtdjH1S;0
BMoDSotDlur;0
BMwBPQKgZFX;1
BNHI3Phj7V4;0
BNUEZwoDRbU;1
BQ-TvBxBADX;0
BQSzhtmFpVS;0
BRAxb5hBgB5;0
BRrjhONBF2R;1
BNWN5GgDz46;1
BOKbUwFDbwD;0
BOVn_9MDvRe;0
BQ9ZB8mAPrD;0
BS8TiVRApGu;1
BSLjUe3gSF5;0
BT31Cf7AlDg;1
BTweBlygqNq;1
BUipf8Ogzti;1
BUtVHJpAS16;0
BPr-U7ejxET;1
BPwwiSGDFOi;1
BQ9uQzjFgVB;1
BQS4sFBlhT2;0
BR3a9fcl6sA;0
BRe0dp7lFst;1
BRhcr-iFdnI;0
BRux-TaF5Pd;1
BS2oRj1FExo;0
BSbCRJWloQA;1
BSk0fVrlbFN;1
BSsR-DaFNtK;1
BSv7Kadlf9L;1
BT1iGmllYZN;0
BTamPC1lIAA;1
BTIbl6NFwk0;1
BTlDti8FbhG;1
BTO1h8KlouR;1
BTo3P7blwak;0
BTqwt53liI1;0
BTSzCKIlk2V;1
BTy4m-8F3Dc;0
BUDhVo0FWeN;0
BUIoQrfl7k4;0
BUJ4hQulI4C;1
BUOUqcblwAC;1
BUQSeS9FHZk;0
BUQXqU9lcYn;0
BJ4Kzh4B17e;0
BKsuAXGhMvn;1
BLk3LWMBPnr;1
BMoOTq4Bxx8;0
BMqvY3YBwL-;0
BMtgJk6BHUC;0
BMTPqLCBn13;1
BMYPux7hzk-;1
BOEj7uODYAZ;0
BOiyDzdDcU2;0
BSi2X5WDxte;1
BSn8qkyDFSI;1
BTN-XyojrYq;1
BTtAbZVjt1s;1
BUhAC47jYlR;0
BUj0F-mjSmf;1
BUTeTZRDYWP;1
BJ4P2vshyZn;1
BLftBJthFVl;0
BMBwal0hpmJ;1
BN1TSIABIJj;1
BNJ7reVhGoX;1
BN_y5jmB1tX;1
BOCBs0dB_E9;0
BOMDMQbhjk9;1
BPz5xhIBn18;1
BQ5MGf9AC_K;1
BQ60CXtgsZ9;1
BQVAwtvBJUe;0
BUecrZ_lYjA;1
BP2FHQnhXVh;0
BR0jfYqATjO;0
BRIngxuAa1V;1
BSgeTxPgEx6;1
BSlfnaXgwni;0
BSlZ61XgJTC;0
BTaTabUAxMq;0
BTBcWZ7gAZn;0
BTRKGwXAJdW;1
BU1Na0sABLU;1
BU1s0JHAexN;1
BU4NaFZgmy0;1
BU4NGRlgTuk;0
BUyk_FlAc-n;1
BFa8eIfsJP-;1
BNrKw0BDVtC;1
BOg3tPngtXS;0
BOl0VaugZ0v;0
BOtO49igI33;1
BOXCCLogf2r;1
BQ72PQZlXsq;1
BQXn2rvFvmY;1
BQy-iPoF5gk;1
BRA4QE2FDkJ;0
BRhrFSxF0uK;0
BRxxInMFpPX;0
BS5kASml1vV;1
BSdj-mvldvW;1
BSFygmNFLmk;1
BStL5LclbIZ;1
BTJLdJYFvh0;1
BTTPhOrF22M;1
BUQ13QuljD2;1
#NAME?;0
#NAME?;0
#NAME?;1
#NAME?;1
#NAME?;1
23IHI9D9e6;1
23Rwa7D9ca;0
2GQ4yej9YL;1
2IyBuhj9T8;0
2yjjpXj9SA;0
35D9h2j9dd;1
3bY8piD9a9;1
3gk_p6D9bg;0
3iXPPsj9VY;1
3LSxnaD9cx;0
5IZwzQj9Vw;0
5YDGxID9cg;0
67dFCZD9Tz;1
7hUehlj9cf;0
7QEq1qD9R6;0
8mc6mdj9at;0
9a_jUvj9XT;1
9krJsEj9a6;0
9ps0v6D9d2;1
BA45jHYD9bt;1
BADwtgkj9QJ;1
BAGn5jzD9Zy;0
BAHbbSGD9eH;0
BAlyoeCj9bq;1
BAPecjRj9fS;1
BB1ULnDD9fq;1
BBaTJyvD9bW;1
BBb5SOnj9QP;1
BBCmbhiD9d_;0
BBE0Vprj9Xv;0
BBfFUZej9cR;0
BBhMoPOj9aN;1
BBIDevgD9W2;1
BBJiaPSj9b5;1
BBrnJYjj9fV;0
BBZD94Lj9U5;0
BC2ftS3D9ae;0
BCCZ0grj9e0;0
BCPVnByD9QP;1
BD0Cacuj9ce;0
BD5oVzuj9bq;1
BDI6yZIj9eD;1
BDKau9TD9XZ;1
BDx9B3Sj9S2;1
BE08wihj9Qr;0
BE_UWYoj9WZ;1
BE_V3mjD9af;0
BFv26iij9Yv;1
BFWJgGwj9Tb;0
BGg-4p0D9Xo;0
BHBwB94AtaK;0
BHEeAFygJD8;1
BHEIQxNg83F;0
BHeo0sfA4CO;1
BHGwikqA8IQ;0
BIck2CYgCEU;0
BIel47XAfWf;0
BIr_IzMA8Wk;0
BIz1LDxAgh-;1
BJCid4aAv6Q;0
BJEllu9g0D2;1
BJl8N25gwT4;1
BJnipCvgsov;0
BJpmRRuACEf;1
BKe4AfDgGxA;0
BKpKAqwgM6p;1
BKt7iDPDcci;0
BKwz62Zjy2T;1
BMBg7PTDpNZ;0
BMdraGljMiG;1
BMEd_6ijCG8;1
BMG4guoj4Gl;0
BMIUKfLjZ-C;0
BMtId81D64d;1
BNgqHt3AcCW;0
BNHcqJ6jwUM;0
BNWRpzSg0GG;1
BO9b8M9DKsr;1
BOv4N3qjVWR;1
BPo1xOPDIg8;1
BPwmJK8DkLF;1
BQaTPX5F1wa;0
BQIdhT4l4VQ;1
BQK6tbmljLK;1
BQnGLGth2zU;0
BQQOXoolCLh;0
BQVdNpWFvNh;1
BQxf6L-BdiI;0
BR-7f8HhLrs;0
BRIXw0gBSnR;1
BRPWZs2hdoK;0
BRSbNg0hfJ6;1
BSBephlBjVR;1
BSdty2mhf5k;1
BSFjLb8hngU;1
BSGaTmohMbj;1
BSTSjgcBIvW;0
BSYgzTxBozl;0
BTiGTiyh9cG;1
BUG9qD7BWhW;0
BUjbx3yBpYh;0
BUWA-4fhizn;0
_-9ZdYD9Ri;1
_4a0eCj9ak;0
_8zoikD9b7;1
_9lOs6j9bL;0
_RArt9D9bC;1
#NAME?;0
#NAME?;0
#NAME?;0
#NAME?;1
0ft8TLosIJ;0
305SrCosHI;0
5jUBa_osEv;0
5RiZjbIsOV;0
6aBZTFosBU;1
6cGN1kIsDl;0
6G3v8gIsPP;1
6gI-KNIsCN;0
6NJ9HbosLE;0
6tSpGtIsJ_;1
6uUbM7osPa;1
71neH1IsPw;1
7AXXzZosG1;1
7c7Z8BosM0;1
7QWiAbIsIL;0
8-MhJ2IsFS;0
894lCzIsMI;1
9A5MdxIsIT;0
9dzZv3IsAT;0
9VW2-7osBn;1
BA62qtNosP5;0
BA9q112osHA;1
BB2RTs0osEc;1
BBpGeonIsCI;1
BBXc7u_IsGT;0
BEh7H79IsKo;0
BEOO1h7osNw;0
BFgpp2KIsGN;1
BFpq-ACosFN;1
BFsyxw2osNk;0
BGONThYIsHR;1
BGwDUsNIsJV;1
BH1QBRGjcL-;1
BIAFZQbj6y8;1
BIEwPEQj643;1
BIgZkg3jNfx;0
BJMLB2ajsmY;0
BJnWOo7D1jX;1
BJo1FRHDukh;0
BJR-gIzj3TR;0
BJr-wgNjL7Y;0
BKfkbAMDb3W;0
BL-v3b4B0wb;1
BMoCi36hHMP;1
BMoScDJB7EA;1
BMv5IkEgto1;1
BM_d0CtAFSm;1
BN1tcxPA1tL;1
BN6nv1UAhV4;0
BNCOcbWAFm6;1
BOec-BJD1Hx;0
BOjjTjVDBl4;1
BOKbGkbjmJq;1
BOMBm--jRUI;1
BP1YSpBgSu8;1
BPz-H3vAH4D;0
BRdicqDDuOr;0
BSKlZNEDek_;1
_El1b4IsKd;0
_neEkLosMu;1
_UJB-EosGf;0
_y9EProsOp;0
__29imosLQ;1
BAlO68NqccU;0
BApAnqHKcev;1
BCC_dz8Kcei;1
BL3H__iD1sd;1
BL3NAS1jsxA;1
BLlXbN4DSAQ;0
BLvZ-U1Dc7b;1
BM6MYveDRp1;1
BMlh2QgD-nU;0
BMlhV4QDu2X;1
BNRapXODFuP;0
BOemucvDEtc;1
BOemzg1DO_S;0
BOj19YujPMe;0
BOmWX3tD_17;1
BOPKiY5jGbP;1
BPkKVnjDG4R;0
BPpWkg3jxAv;0
BQIL-imD2UY;0
BQVG9YGjpVJ;0
BQXklXvDofo;0
BQXquZMDxEh;0
BRNkPVjArbb;0
BRNmIpEA8Or;0
BRvaH2qgc4P;0
BRvaoGzAO1K;1
BSYLhYhAYFL;0
BSYNJRCAA3Q;1
BTLBzjFgxC7;0
BUW0SsSg-kZ;0
8dhWfcpaZc;1
BEduo1kpaSu;0
BFGC1I9paRq;1
BFGEbnVJaUv;0
BFJoWdnJacr;1
BH4fe9mDSyX;1
BHkTS_qjeJc;0
BHug-rpDvPr;0
BHv3ZTCDV4N;1
BHv4CjiDbAP;0
BIP0OzEDk_w;1
BIPw-CLjaJI;1
BIVABWSjJzD;0
BJaUf8sD9Ba;1
BLDfxi7jq4m;0
BM_RJu8DMpQ;0
BOHfbqXjS6w;0
BOUDH_lD_B7;1
BP-HzU0jSw2;0
BP2OVo9jZDu;0
BTQZZCegZrJ;0
BUgcbFmASjS;0
BUhDJQMgCi4;0
_xTs-XpaWy;0
_zQs_Fpabq;0
BC7rqzqlLWz;1
BCvCWEolLdZ;1
BEdmxVflLYK;1
BFtToUAFLdN;0
BGJpliKlLSv;1
BHhb_B-jP8i;0
BHv-OgvD_E9;1
BJNgIdJjreT;1
BKTB8ExDnDH;1
BMoMm1wgX6-;0
BNUGvW2jAvw;1
BNZdmrEjuTg;0
BPy7QlYjHLR;0
BQ-SWQRBTa0;0
BR0W5gHhBTn;0
BSWDi7chqaP;1
BT6LxZihnIj;1
BTNxQ3zBw5t;1
BTRKrBJhMR5;1
BT_kJJRhAmw;0
BUenMDzByC-;1
BUJ2phgBSq-;1
1DjkMkNVw9;1
1LgjxxtVy9;0
1NqRC2tV24;1
2doFVHNV9S;1
3nvFVgtV_L;0
4_muVptV0X;0
5mg4c1NV7X;0
5pAyJptV-v;1
5pAz2cNV-2;0
5Wbq7SNV8i;1
6H0-QJNV2p;0
6HowpkNVyL;1
BBg-49etV6E;0
BBSMlG6NVxk;1
BFAYmt2tVzM;0
BFEMjTdNV_i;1
BFJJyfptV6T;1
BGQwjIANV0S;0
BI9iJXkDOpd;1
BIe7__FDvJY;1
BJNCit9D1A2;1
BJup8oijDEU;0
BMdsBztDm6C;0
BMLzA2sj-l3;0
BMsOuVvDxlc;0
BMtoJqcD8sK;1
BMvnr7cDxbT;0
BOLSS3tje4N;0
BONOQNkjQnq;0
BOt5vwgD_dm;0
BOUD2O3jhgo;1
BQ-MBC8Awvl;1
BSlgJFzASwi;1
BTQ4APIggKZ;0
BUf1XuNgttL;0
BUnjqnng6N5;1
zhBnLrNV42;1
_3HZ6WtV9R;1
_RNiCINVwg;1
-7WFypkXPe;0
#NAME?;0
2Id_woEXJT;0
BRhFIeyFsqq;1
BRxA-LnF_RZ;0
BRxAiQclse3;0
_V_TmvkXNR;0
BBehprhInGc;1
BEhzQG2onFX;0
BFS-0BzonGJ;0
BG3PqmJInAc;1
BGhK7VtInFj;1
BHMCXq3h6rT;0
BK-qbewBKb_;1
BMtIm7NB50x;1
BN1RuLFB3FS;0
BN1V9H4BP99;0
BNwOmaHhhFC;1
BOkKu9BhTKk;1
BOkLmexB-lb;1
BQGEG-Clu3x;0
_63tF9onMa;0
_8OZNAInF2;0
BA19YWXuyX8;1
BAJqFtbuyQF;1
_4YCiiOybH;1
_50W58Oyb5;0
_50x2oOycr;0
_51BW7OydS;1
_51UwFuyd_;1
BGo-H_wOh6H;0
BHaEFZsD4EJ;0
BJm21RPhOf6;1
BJNK-vgDJmv;0
BK_0Eubh-eM;0
BLlacRnBIt-;0
BLoD8bDhd_f;1
BLwV4xHBJey;0
BM3kGCihfL0;1
BMEeqf7BnY0;1
BNgkVQ1BOYa;0
BNjD-wNBq5H;1
BQFy5DxglFX;1
BQH9w7lBL3x;1
BQXIo-0hEzc;0
BTbY9snj3FV;1
BTdhYkiDxGZ;1
BTL4_8djThi;1
BUEiAOxjh0u;1
BRqa_lDBGa0;0
BS8xOj0Bt0w;0
BUR_ERjBAzE;0
BOOL5a7jJqi;1
BOOLgn0jO3y;1
BOOOobjj4Tp;0
BOOQN0Djp0r;1
BRFPmmyl2si;1
BRFPzDRlSnF;0
BSn1OcFFmjR;0
BSnaQ6Cl8ZK;0
BLl5Fm3jNAl;1
BLn9Aa4D665;0
BLsUN9SDzUd;0
BEgKsUALOz3;1
BHmtLsSj6J-;1
BIfgeK6jZF3;1
BL2TzjngG1r;1
BNiovL7Ai2-;1
BSKUTc1gcrx;0
BP1izkejoHI;1
BP2W7uLj268;1
BPr9zs9DnsX;1
BPvm5UljcwS;0
BPvmIzXD2vc;0
BPvnBanjeY_;1
BQFqEwzj0IW;0
BR6rVzzh_8T;0
BRfuAyahpVv;0
BRhbamShz3R;1
BRIp9YCBbcp;0
BRxFOZLhTTm;0
BSC-1nXBO9W;1
BSIuwxWhvgp;0
BSQnJ7ZB2qI;0
BSX5RSPhZyR;1
BT8x5ZJBDMT;0
BTbWb_GBQF_;1
BTGuDrwhUZM;0
BTKhO9ihrP7;0
BTLYsIsh69p;0
BTnH4PKlpzQ;1
BTNYPDGBtDE;1
BTtR0E_BCTl;1
BTYk-Hvh7xt;1
BUiYCvUBJPQ;0
BUMdzA7hLlD;1
#NAME?;0
BA1fk8tgj7Z;0
BC3-LB2gj-z;0
BCpZnZ3Aj4H;1
BD5TLFGAjxZ;0
BDqA09Jgj33;0
BE54ReSAj5s;1
BEiZLHbgj6q;1
BFoAdUeAj0K;0
BGgMiL6gjxT;0
BGjbpZxgj_C;0
BGjvRjNAj3p;1
BGjZi4Vgj6V;1
BGodIGLgj2f;0
BHgRlOfjdwd;0
BHHp0juj1dG;1
BHPhFBejt71;1
BIr9GMpDHH3;1
BJp48_FDFRR;1
BKN0ENfj7lk;1
BLBTC0TDRQb;1
BMeK9yMjzeJ;1
BN68s9VD4RO;0
BNk2cYxDT0K;1
BOe5MbhDyVa;0
BOKEtmGDwqW;1
BPRcG6vjblc;0
BSoFRBHja3O;0
BSY1-QvD3fW;0
BTg9dFwjI1t;0
BU5z7OeDIg0;0
_a0HXFgj2K;1
BHljR8FjitT;1
BJLJGc6jFzS;1
BK-tTwWjrql;0
BLyfaAMj6jU;0
BOn0PStDjdd;1
BOpMkO-jim7;1
BPuXHRxjFTl;0
BSDuXpoDqCx;1
#NAME?;0
0eOkrOwGbx;0
8ZlfmzwGT_;0
93SdHtwGXy;1
BA6kwC_wGU-;0
BCB03mmwGZF;0
BCVV5DvwGUr;0
BCVWLIAQGVc;0
BNTKBaHDc1y;0
BUn9CtQAtBj;1
BUyAeWggvaA;0
uU2JpGwGZ3;0
ws6p61wGRk;0
_6U-EowGWz;1
_6UrujwGWY;0
_jOs8NwGZf;1
_jPb7RQGaY;1
_N2BTGwGVu;0
BIEKrDOgdRa;0
BIEKz2fg6T0;1
BIFRatjA8qN;1
BIFRQ-qAoIU;1
BIH76LsAbnP;1
BIH87rHAHMe;0
BIKh-kXAxZz;0
BIKhOYjAxYo;1
BIM04ntgf4R;0
BIM2Ae3AVX3;0
BLa6xb3hYNs;0
BLyQJVKBzfJ;1
BNmjurQB6uu;1
BO9TP_9BJem;1
BO9UFcshwcB;1
BOrMvLVBMWh;0
BOVxq9xByiI;1
BOxJxkrBZpv;1
BS6A4Nel1sw;0
BUWda0alB8Z;1
BNO3FZljJBB;0
BNPCFEZDFc7;0
BNQJqiuDpZb;0
BNRQ1SnDTCM;0
BN_xEO2Drjg;1
BOE8P8ED2uq;0
BOruq_hh9_Q;1
BOwdECrBY-K;0
BPUvo45B3z_;0
yd-FXdiKXM;0
BHnlfDVjcKL;0
BMZNPhzjRtU;0
BN4nRWGj0-b;0
BN56iRejs_O;1
BNhEiLHDaKH;1
BNj0cqijt-l;1
BNTeMy9jpgK;0
BOR40_hDctw;1
BQHsfnkjjx5;1
BS5jOnsh2JZ;1
BSDUwRahMXd;0
BSDVStCB9fB;0
BSJSbkHhzoa;0
BSqtsumBzhW;1
BT1kJS9BDvt;1
BT1kuxhBI0l;1
BT1lFb2BPj0;0
BTT0ePchWOF;0
BTT0zKMBxvO;1
BTT1E_tho3k;0
BH0cagNAEEx;0
BHPZDWAAmIi;0
BN2-iEZg-R_;1
BNhCgc6AwYF;0
BS5I37Slw3U;1
BT1CaSHFilD;0
BJ7rx34Ddf-;0
BJcyU12DwT1;1
BJnNvdTjo4W;0
BJo3UJvDV19;1
BJo3xBuDKpb;0
BJoZF-ajIVU;1
BJxDlH9DQjA;0
BJZKTTLDaBb;0
BJZsAPhj2AA;1
BKPW35xDnHJ;0
BLcV7n7DIc5;0
BOb4bVJDt_Y;0
BQP2A6fDEx5;1
BQZRb34DG0r;0
BR20LUOAmMF;1
BR5PguIg4Q_;0
BUtQe60FnhE;1
BUtRaNYlEUL;0
BUtSU6BldwR;0
BIOMkLqAKti;0
BLSzkCGFeck;0
BR0TNi9DJh9;1
BR5d4NujWXx;1
BRs0eFHDX6u;0
BSQrv-ID7Jh;1
BE8F6cOvBhJ;0
BEzURhuvBu5;1
-8P6kIuPrG;1
-9FbTauPqB;0
#NAME?;0
#NAME?;1
#NAME?;0
#NAME?;1
46eX0FOPvT;0
4K6C1QOPgz;1
4vhSeNOPoP;1
5Tt8WiOPlS;0
5WYVyTOPvu;1
67rttXuPuq;0
6CvGZ3OPvU;1
6uVyVvOPg-;1
7kU-FeuPkA;0
7kYdYsuPqF;0
7y06lyOPqa;1
8p0ITDuPnM;1
9agnuEuPtG;1
9f-NbyuPio;0
9OBdkduPvM;1
BAmkF6nOPuw;0
BAo9h08OPhK;1
BArBb2wOPkW;0
BATrozyuPmR;1
BAuK4--OPjh;0
BA_zptruPnY;1
BB-Bki8uPi4;1
BB2Jp-euPtn;1
BB49UbzuPto;0
BB95XUbuPkI;0
BB9fQrLOPtt;0
BB9vlVouPkb;0
BBea_GLuPh3;0
BBhuRvXuPsO;0
BBJqea8uPh3;0
BBKhr7UuPj1;0
BBKObFNOPhi;1
BBKWplXOPuh;0
BBmBSjVOPgg;1
BBMWcHJuPu-;0
BBRix9cOPqN;1
BBudxXmOPuk;0
BBzqmRtuPqQ;0
BBZwfQ7OPsq;1
BB_4VQEOPlh;1
BC2jKUQOPvw;1
BC2KzdLuPmI;0
BC5HV_GOPrE;1
BC5RxHXOPhN;1
BC7xeeaOPu7;1
BC9gs73OPrz;0
BC9OmkWuPu5;0
BC9T8f6OPok;0
BC9Uue9uPqJ;1
BCAb_pUuPot;0
BCFsqC6OPvV;0
BCkGAWDuPgU;1
BCKuqr1uPuP;1
BCkv9snOPt8;1
BCmRkCrOPm4;0
BCpsdEhuPp8;1
BCSjvIlOPpS;1
BCuPZdAOPvo;1
BCVBeJguPpn;0
BCVJp0duPpK;0
BCxP-bYuPjD;1
BCz0JRUOPrI;1
BCz_Nn3uPrm;0
BD-6ltTuPqP;0
BD-KtsYuPv6;0
BD5E9UjuPq-;1
BD5na2qOPgp;0
BD72jVFuPpg;1
BD76HeAuPu2;0
BD77AyiuPgC;0
BD93f42OPmG;1
BDA2NlVuPpg;1
BDcH6RwOPsi;1
BDcl89ZuPjH;1
BDCmrjHOPiG;0
BDcN8pxuPqa;0
BDdHT6VOPgX;0
BDfqTCzOPo8;1
BDGBmUOuPkJ;1
BDhpVEVuPsb;1
BDHxqFWuPlY;0
BDH_SNsOPmN;1
BDIDBFQuPqH;0
BDk8S6huPmr;0
BDLN1UvuPqs;0
BDLQ3dkOPh4;1
BDNsOVyuPl7;1
BDNT0yJOPhc;1
BDqI2uQuPrr;0
BDQKXslOPk9;0
BDsa-KjOPq6;0
BDu4BQsuPhL;1
BDuBQiBOPhG;1
BDVXuocuPmA;1
BDXeZpIOPmO;1
BE-0BKVuPp_;1
BE50cG0uPi7;0
BE5R8HquPso;1
BE60q2tOPss;1
BEAqWvKOPhD;1
BEdmHZduPjc;1
BEF8n5XOPjB;0
BEi4on7uPvj;1
BElJi6VOPgj;0
BENgXktOPoQ;0
BEnHJ12uPl6;1
BEQ5XNjOPmo;0
BEQJ9BruPti;1
BEQoZzFuPu4;1
BEqRe-IuPmn;1
BEQsRgqOPmi;1
BEQxjNeuPjO;0
BESiW1GOPkP;1
BETOeZMuPrX;1
BEVxUJGuPnL;0
BEYL9dXuPn1;1
BF-93XCuPqw;1
BF01NJyuPiK;1
BF0gVheuPjD;0
BF0n3nYOPuF;0
BF0sO_yOPlJ;1
BF1KXKQOPpq;0
BF3EAeeOPtx;0
BF3gbNOOPop;0
BF5okOkOPhu;1
BFbDmkMOPt-;1
BFbQxluOPoL;1
BFd1q0AOPmd;0
BFFh-KVuPi4;0
BFFq16RuPk9;0
BFgKwX4uPtg;1
BFHvwDduPmG;1
BFJSRIfOPkT;0
BFJUIQ8OPpU;1
BFlCCE2OPrk;0
BFLfXg6uPg3;0
BFLirusOPl9;1
BFLN9azOPoE;0
BFLXARoOPj9;0
BFOMUxruPnd;0
BFPZG8pOPpu;0
BFQ6xeHuPvq;1
BFqg3jZOPp_;0
BFQiKmBuPsS;1
BFquWlcuPnh;0
BFRA7ZXuPrl;1
BFtIuF3OPq0;0
BFTKP3AuPuO;1
BFtPX0ouPqN;1
BFTQLLBuPnQ;1
BFTrdxEuPqU;1
BFtZzYauPlP;0
BFV3CaHOPkm;1
BFvXPq4OPr2;1
BFVyvbwOPuP;1
BFWHxdxuPj0;1
BFWLhSAuPrq;1
BFyanoIuPiK;1
BFydXHvOPmg;0
BFyFArouPgt;0
BFYHw-LuPu4;1
BFYPzPGuPrR;0
BF_IZWIuPg_;1
BF_ZXUhOPql;1
BG0jtahOPrH;0
BG0w7HfOPo0;1
BG1an0VuPva;1
BG1LZ1YuPqx;1
BG6iW_MuPlp;0
BG87KPxOPuM;0
BG9GfY8uPiA;0
BGa6GcHuPtc;0
BGB30yCOPsq;1
BGbm5EZOPlj;0
BGBMeHZuPkd;0
BGd8QzfuPqg;1
BGdnf7nuPqd;0
BGEIn5DuPqm;1
BGf0_27OPnv;0
BGgTeVpuPjp;1
BGG_LwuuPmr;0
BGIYjpFuPhA;0
BGJyYOBuPhg;1
BGLpdUkuPiq;1
BGN8w5SuPmQ;0
BGO7NLCOPni;0
BGO9IA9uPtI;0
BGOqxa1OPgD;1
BGOwVpkOPtG;1
BGOxlevOPgm;0
BGPDJOQuPuK;1
BGqmTdouPvQ;1
BGQoaOvuPvy;0
BGQyh-CuPhm;1
BGRnCseOPj9;1
BGrWcylOPn3;0
BGS9dO-OPmu;0
BGtYz-uOPnE;1
BGVT-vvOPqp;1
BGVv2J_OPiW;1
BGWA6usOPtu;1
BGY-640OPmA;1
BGyKXIguPq1;1
BGYUN1YuPkj;0
BGyVQnjOPtg;0
BGz25PoOPm8;1
BG_mcJ1OPqd;1
BH1VKEPhW45;1
BH3-dyIBhoO;0
BH30VClhwgw;1
BH4cr27BoCH;0
BH4UiUrhsx5;1
BH7Ct9UBOnH;0
BH9HWTxBbWh;1
BHBb53YheBy;1
BHCATNDh8LX;0
BHcBwlvBxac;0
BHCSxjEBiJL;0
BHD-KZsBLkz;0
BHd92qJhGTg;0
BHe4vIWBSGL;0
BHeeg9Fhuuc;0
BHek_sVB4mN;0
BHEn1VWhnGO;0
BHeNZyIh6AR;1
BHf3cW4B7Qz;1
BHgaWZnhM5E;1
BHGrTQfBBLU;1
BHhPshVBqqi;0
BHhZWqABdY0;0
BHjevhFBuN0;1
BHjIpOnBKRK;0
BHjy71vBq0E;1
BHKFc2dhjqh;0
BHl07WxB-AP;0
BHlMV85BEs_;1
BHlT37BhZ4N;0
BHmMiZXhITK;0
BHmY0zbh17-;0
BHnzqt8hjwq;0
BHoumNRBt7f;1
BHrcob3h8g9;0
BHRhHMRBped;1
BHrkbUShPv7;1
BHRNZbVBBKy;1
BHRv5gvBZSH;0
BHSSdGBB4r_;0
BHtpO5IhQp6;0
BHuSQsSB5BY;0
BHWamd1h9Hj;0
BHWmECAhuAb;0
BHwqdjKhU2x;0
BHXDEUlBmRX;0
BHYh_oGhAql;1
BHZEFr-Bail;1
BHZMMr3Bgt4;1
BHzPP3ZBw-D;1
BHzVzl1hfy_;0
BHZXIuehiEP;1
BIcOtCFBLq3;1
BICpeeUBiPV;1
BId32Echi0o;0
BIe2IhehTIA;1
BIecgZ8hgri;0
BIeu2S0hUX7;0
BIfAHS7hnc-;0
BIFExJshAyZ;1
BIfY3SjBFUm;0
BIhAldYBNd7;1
BIhjHDcByRk;0
BIhN2QHBaov;1
BIjvWe8BJ1T;1
BIJz64tBJU3;1
BIKjHdmhnBX;1
BIm0wdchK68;0
BIMyOHZhMaA;1
BIMZG06BSbs;1
BIO_YlkBrQf;0
BIpK4FPBxQC;0
BIrg0zFhDmO;1
BIsAeGeBsbz;1
BISFmqahLDU;0
BIuA7FMBxF7;0
BIub21RB1xO;1
BIUqRSghh-y;0
BIw5RKsBIHl;1
BIxEcTPhL5u;1
BIXX3F6BrFT;0
BIy5doshyr-;0
BIzKXGchq9N;0
BIzojeNBCZG;1
BJ-D9NMBEGA;0
BJ32EB7BdL8;0
BJ5LakMB7pv;1
BJ7TiH3h7Xv;0
BJ7wNR4hP66;1
BJADqUkhteo;1
BJaM0pLBsMG;0
BJChhDoBB5A;0
BJDGaEEBEdM;1
BJE1bvYhPoO;1
BJFea-pBs2H;1
BJFuXGrhQRp;1
BJH7Iq3hmaE;0
BJh7wBjBMzO;1
BJHvs4shTR3;1
BJhyM1GBYqb;1
BJj4ED5BGbb;1
BJkoY3IBxMB;0
BJl-SIhhVOP;0
BJnJgFqhEH7;0
BJNJljFBH-b;1
BJolc_cBVZ9;1
BJozovQhChl;1
BJP-pUXh8mI;1
BJp3OacBsqS;1
BJpkwWGh8_X;1
BJsb6BoBDZ8;0
BJsElZwhGv7;1
BJSI9uRh2Hs;1
BJSo05yhD7r;1
BJUPqpBhlXk;0
BJuRupKBlAl;1
BJuw4-QB1Ze;1
BJVCeUSh8Gw;0
BJW6RzZhq8W;1
BJWtvapBDq0;1
BJwVHtnhm0T;1
BJW_8KyBRgL;0
BJX4nmKBlxy;1
BJZ11_2h1LE;1
BJzpI8MhTKJ;0
_bDD4VOPu9;1
_MUSroOPvL;0
_RcSf9OPjU;0
_TxF-uuPvo;0
_UDRegOPqF;0
_V45ABOPtR;1
__yLHUOPiA;1
BMp54j7jOEz;0
BNQqA0zj9V_;1
BRK-Gy6D81Z;1
BRS2OEoDDvj;1
BUHMKGJA1Bo;0
BRkKlF7ltzM;1
BSVquxYFY0_;0
3JnIzCrwzk;0
3Jq8QnLw6P;0
BDj17aWrw5u;1
BDj1lqerw5Q;0
BDj2Hh-rw6A;1
BDj2KsIrw6I;0
BDNaee6Lw-z;0
BDNX5bWLw7w;0
BDu3zGlrwxu;1
BEVUb1Mrwy9;0
BEyg9IVLwwF;1
BEYGx4Krw5K;1
BG48minLw3V;0
BG9D8anLw9N;1
BH9NUL4BRhb;1
BHr0S8xBBjH;1
BHr0vHDhDGy;0
BHrxqL0hkV2;0
BIKbIGFBPZ3;0
BIw1CylB6yG;0
BIw1MUHhoNN;1
BIw1RiwBYOx;1
BIw1w5ThDf9;1
BIw1ZAoBU_E;1
BIzZEVlhe4R;0
BJ7w7kFBLgi;0
BJNV8S_hWwe;1
BJNWZ7_hvGH;0
BKugZ3Ph1H-;0
BLyM3snjDPq;1
BMlrB8wDAMm;1
BOzI5cdDf2N;0
BOzLkV_D8Xr;1
BO_MC8yDHQX;0
BQDRMdmjXJC;0
BRDgQIeDoFj;1
BHlNfGZhPCZ;0
BHyHYuqBwU6;0
BLkNqzDBfjr;1
BMaaj2DBVDA;1
BNdaeHEBCC7;0
BR-8G4ihHy4;1
BTIolAnB1HS;0
0F2P8UKsby;1
5L3jm9qsVQ;1
5LRtKpqsb8;1
5Xldj3Ksav;1
8b26xKqsRc;1
8k-U9UKscl;0
8VNZMcqsWs;0
9n7dqqKsRh;1
9pj5gtqsSn;0
9pl-pRqsVH;1
9qn3WxKsXl;0
9sH50HKsVC;0
9_OffZqsX6;0
BEyabMuKsc_;0
BGKOiHAqsf0;1
BGRtBObqsUR;0
BGVmYC8qsSZ;0
BGXJ7aGKsRi;0
BGZUnyTqsdf;1
szcq8UKseL;1
t7YCLYqsRf;1
t7YTHjKsRt;1
t9elJfKsU7;0
tCs-XHKsWL;1
tCtq20qsWq;1
tCtVwwqsWc;1
uJ_dJvqsRm;1
uo5aHyKsck;1
uo5ZTmKscj;1
upUlXyKscG;0
uqR0HHqsei;0
urP61yqsUX;1
urSFZXKsXm;1
uZi8wFqsZ2;1
vP4pAcqsby;0
xDiRqoKsU5;1
xGORb1qsYM;1
_0Z_1CKsR0;1
#NAME?;1
2Gwm7xBXJ3;0
2GwQ5hBXJT;1
4CKt-GhXBk;0
7ToGM1BXAx;0
8dX8mqhXDu;0
BBd-i8qhXP9;0
BCxTZkgBXJg;0
BEkPA3TBXNq;1
BIuBjSnD_sK;0
BJxLnEpjYSY;1
BL8fssNDWfX;1
BLgTdemjT65;1
BLIuYbjDG0J;0
BMa8UyLDZp6;1
BNCKyWADpkV;0
BOOinWrjMxU;0
BOqMYhmDjSW;0
BOr3x8eDiBH;0
BO__Kp8DLwd;0
BPpO3TGjzDa;0
BPyifOmDkG5;0
BQ787M3Bb-V;0
BQIbA-jjKXa;1
BQuZJg9hyJq;0
BRQpZLEBTxS;0
BS-qMtXB6gj;1
BS0Bw2qhkK6;1
BS8C6aeBtcR;1
BSAeezOhKM0;1
BSal9zaBE59;0
BSbA-FthDgy;0
BSDIg8zBd7W;1
BSK_f8jhy7Q;1
BSmmiAahswt;1
BSpYAKEB6hj;1
BSqUBdShsQJ;0
BStJGWVB5iA;1
BSuiJWIhLVy;0
BSw0dRDBV4D;0
BSx1WjnBCd1;0
BSyHm0mhPe7;1
BS_KV66Bfnm;0
BT1J7F7B2fC;1
BT2qox8FPQN;0
BT30lMzBnTO;0
BTbmVcAhcM_;1
BTC28XChAyW;1
BTIj_-dBi4j;1
BTixMrABmmQ;0
BTjBN06BoA7;0
BTJj62shSOB;0
BTL2sTzhlIP;0
BTMWqmbhW0V;0
BTODWj4htDT;1
BTQhHqQhzWh;1
BTsDyEhhIEZ;0
BTT8k81hLKY;1
BTTjh7Wh5K_;0
BTtsFLNh3nJ;0
BTYpLRlBABA;0
BT_A_NnBGYV;0
BUCOcYNhfjf;1
BUEy0ejhh0g;1
BUHYLwehHmN;0
BUJY8LTB_N4;1
BUNjIB2BonP;1
BUoZ0oEhjJb;0
BUVd8XoBdZJ;1
BUVhHHlhtVE;1
BUzP7W5BZtN;1
BUZWLVbBPtf;0
BI0BoRSBV4r;1
BIz42KUhU7U;1
BIz5Ml_BsKo;1
BIz5nZUhVgD;1
BJAy5kOBf6e;1
BJK7wxGBYLj;1
BJQSMj8BMCS;1
BKaY0BOAnrc;0
BKfGhB7Any-;1
BKfI71pAR7M;0
BKfKj5dg91i;1
BKnlV7NAw9w;1
BN6j_Zmghz8;0
BNiUy9wAU2B;1
BNoQ-MxAoYr;1
BNpJRHeA-xC;0
BOOFjUsA3WY;1
BRNc8QcASoN;1
BS4_dtvA4pX;0
BSFqTFcgQc1;1
BSFr6DeAhxm;1
BSFrFrPgVaK;1
BSQsy-ng07r;0
BS_jafEgA2w;0
BS_jbqUAu5n;0
BS_jcxTA-zx;0
BS_jd15gG8S;0
BS_jevJArup;1
BS_jfmvghA6;0
BS_jgfJArMG;0
BS_jhc-AgSh;0
BS_jY7wgd9f;0
BTI-_O2gnjR;0
BTI_5bzgp1Y;1
BTI_dPVASIg;0
BUhs1KnASEt;0
BUhsQtVANbG;1
BUJmosPghpB;0
BUJoXFcAjIS;1
BUTbxjIAHdB;0
BUZg09XgEUb;0
BUZnJj8gv-k;1
BUZoHn0gwx9;1
BUZpAvbgH0v;0
BBkJO7znZKo;1
BEDbqvcHZM_;0
BJNTJ-Ijmly;0
BK8Fd36DCRX;1
BKPAhNFjviR;0
BL0rrzqjVTt;0
BL55gh8jn77;0
BLLjfosjlj8;1
BLtAxA0j6uu;0
BMJZzBiDT0r;0
BMqxeRfDHla;1
BMRFLhUDUcY;0
BNJtK1hDv7K;1
BNmEfZeDSFE;0
BNOiGm8jS1n;1
BOgPlbIDTqM;0
BOJp_PujyvP;1
BOpBmDaD5HL;0
BOR0JTpjR5h;1
BP1UmvMBSXk;0
BP2TLVthZbx;1
BPcI6w2ho76;1
BPUdZhNhv23;1
BRkd8PkFeCU;0
BSIucoNlE7N;1
BSps0sPFEL4;0
BUEOIhBFeOg;0
BUWw3R9FRYg;1
BKp8dK4DZt1;0
BLACCAejdmo;1
BLACOCkjhrt;1
BLbCwjfAFxm;1
BLbCxPJAad6;0
BItB_y1Axrb;1
BRnGZtlAby8;0
BS0ZhSCA6hT;0
8qW17lTO3E;0
BA1qaTzTO55;0
BGBkNMxTO1z;0
BI2LdRoAH2Q;0
BJIMUX2A_TV;0
BJo9r1vh59_;1
BKdGkJ1hGtD;1
BKPFfZWBx8r;1
BKvF-reBc4i;0
BL3FOS_BqcN;0
BLCqfdWBzKq;1
BLTNxZEBPXP;0
BM8lPX7hhZt;1
BNqgQfDBwPs;1
BNwSPXGB61k;0
BOrXNuBFfNy;1
BOTY36oAAqn;1
BOZpTYiA82p;0
BP1636-lmrf;0
BP1A1cvFFEw;1
BPhtjrxlcD1;1
BPNJZ_JFk9i;1
BQDCQmFF98t;0
BQg5wacFImN;1
BRnhkOXFLBG;0
BRO8yuMlRO5;0
BRwnv6hlSBH;0
BSa3j4aFfxv;1
BSpesJiFwKQ;1
BSYRtBgFgNX;1
BSYTZFzFyem;0
_auewmTO2e;1
BN8jlI5A7xG;1
BNmVzCQgfBr;0
BNoatBVgox3;1
BNSxksnAcT0;0
BNyuyj9ARO2;1
BO86koOANmP;1
BOa0508Auj9;1
BOHJj6rgVGa;0
BOTGeXsgxpR;0
BP05TKRBpay;1
BPgVi-zgGp7;1
BPKisOYABWF;0
BQHhyE0hGLB;1
BQWt3QGBn1o;1
BQzrNbtj0YF;1
BR2ToDPgPIo;1
BRaP3V1DUNo;1
BRdAcxrjW55;0
BRxyNuVABwP;1
BSBCFysAslC;0
BSfM6D_go7W;0
BSIoVUlARaB;1
BSkiuIjAgKw;0
BSU02n0AvW1;1
BSvhW2GAsYN;0
BT3dU4Ogbrr;0
BT4BxvbAspa;1
BTBac2PAxXW;1
BTdyIkfge93;1
BTIheVpAaa4;0
BTJnDxTARUq;1
BTK9pfQg4Ze;0
BTYxz2jAfU-;0
BUNovAngAxg;1
BUqVStggQgn;1
83T0UpHXj-;0
BHrMlQfDZmW;0
BOe4zYZlZaw;1
BP2beBLF2wP;1
BP5LUJfl1VH;0
BPP-W01lPdL;0
BPP6uuolJLl;1
BPP718DFHTp;1
BPzFf53lHSc;0
BQajhnclN5w;1
BQGP5PEFp9F;1
BQHiDTPl-xV;0
BQK2-6nlqap;1
BQMrkSpF-pw;0
BQnox7JgG--;1
BQowAeaglbQ;0
BQqGpv8gvFh;0
BQqOqtTANHI;1
BQQP4hCFbVv;1
BQR3hi9FHdl;1
BQr9ZkbAAvM;0
BQsiX91A2vf;0
BQVTkJHFsJY;0
BQZvibolZ9B;0
BR2wMEyg8TZ;1
BR8jOyZAV9l;1
BRisL00gY8W;0
BRLdKUeg9s2;0
BRlNUf5g8dV;1
BRNgsubAARZ;0
BRQslhSAKs-;1
BRsAr7cApuz;0
BRvuvCxA5eg;0
BRxpbkYgqCB;1
BR_ALnOgW8U;0
BS3IctYADBU;1
BS8UjT_gWiC;0
BSC7jprgMzk;0
BSJNbokAGWV;0
BSN44SGg7xI;1
BSTHi4lAJvk;1
BSx9L5pAcBk;0
BT8rSF9gr7w;1
BTg_Kg3gYHA;1
BTmEJu7goQ6;0
BTq8QVqgMD2;0
BUbOf9PAs3m;0
BUTjCFFANjz;0
BUuPEyaAxtG;1
BUWJdhjgmkB;1
6bthPWvBoU;1
6NKMxkvBgz;1
6R7PSRvBuq;0
6R7UXUvBuv;1
77cJSyPBu4;1
77cWWBvBvF;0
77SDpDvBkp;0
79-3NJvBrp;0
7fB09xvBta;0
7fC42IvBud;1
7fCs3xPBuR;0
7fCw6nvBuY;1
7fDI-PvBu2;1
7fIjDzPBlW;1
7fIUdcPBlB;1
7hClvrPBoF;0
7hCu9mvBoX;1
7hDEZqvBoy;0
7hDiUkPBpl;1
7hDLuUPBpC;0
7hRgHwPBr5;0
7hS5ptvBtR;1
7hTMSFPBtp;1
7hTtCjvBuM;1
7_j5niPBur;1
7_rsJKvBr6;0
8AeauBvBvl;1
8AeT1KvBvX;0
8AsFhOvBhO;0
BBz02Jwhr8G;1
BEdo5PXBr3r;0
BEyRN0EBr-y;0
BFsUL3mBr-v;1
BHmVgGQAU6u;1
BHn4HpVALLo;1
BIEovQvgnj5;0
BLILJNtAbCf;0
BLP2qawAvUf;1
BLU9QJfAgDX;1
BNjFk6whwns;1
#NAME?;1
BEgXuNRCRjY;1
BH7HeyIDV53;1
BIDL64_jCpd;1
BIEvjcxj6oS;0
BIJpZ6GjFcQ;1
BInBMo1jeKq;1
BIrv2pFjrEz;0
BIXaQxljYZo;1
BJU4j2lDAiB;0
BKBA5YnjomG;0
BKDrkBWDvnm;1
BLBix7zjRa0;0
BLCzlA-D5C3;0
BLv-VvSFd-w;0
BM6ZgTaFlV5;0
BNk6ZMel_id;0
BNlsy09lI-x;1
BNPFixklh3U;1
BNssYMplNBZ;1
BObCu4mlpoq;1
BOcKPYuFvbH;1
BOHl9eFldvY;1
BOsUC6-lxOz;0
BOUe-ImF9m6;0
BQEkkBJFMHu;0
BQr175PgwbN;0
BRGfdXQgIvt;0
BRGfYhqAI-l;0
BRvp4dEgG9x;0
BRvqDCZAod9;0
BSVBiu2gMni;1
BT4DQhLg8qJ;0
BTLivfMAXsA;0
BTNo-33A697;1
BUHMXwEgIxV;1
6hrk8NkVBr;1
BH1lAZ_jN8h;0
BH6Y5kcjtKb;0
BHd-SULhsWx;0
BHd9ZPsBuFh;0
BHd_QJLBwEE;0
BHHH7iBBIqH;1
BHHIlEhhpcQ;0
BHjNkVNBz2e;1
BHKKfmnhy_S;0
BHuVBUdBUA2;1
BH_3rW-Dnzu;0
BI7Mi53DhID;0
BIe3klgj5Rx;0
BIFRGePjLDy;0
BIKgSP_Dk3R;1
BISDgxtDfZS;1
BJCLvVODu1i;1
BJmMfNajWDJ;0
BKIg5tGB6Qg;1
BKPcxSsDwxr;1
BKsXLo8jlTH;1
BL8Vn7KjHGY;1
BMtPEldjN0b;0
BNHPrcNjPuO;1
BNjH-m0DWJb;0
BOR1fqeDQJQ;1
BP4xDEuDEPX;0
BQIOy2oj2UF;1
BRFvKZLAxN3;1
BRnN0LxFBI_;0
BTI9ctAAsL3;0
uimpQskVMY;0
ukhaSrkVOm;0
up6QeBEVPq;0
usYJaRkVFs;1
vGQ7xnEVPP;1
vkblhCkVGX;1
vKbmnpkVHo;0
vlEUi5kVEK;0
vN7Oh4EVFF;1
vP3cW9kVAz;1
vSlhyZEVLG;1
w099aKEVHN;1
w4_YkGkVLU;0
yrhlQWEVDv;0
zHn6y2EVED;0
BAJg9VtR-yS;0
BHyQIFAhwjs;0
BPKVn1BhIeF;1
BQnNjm_gsKt;1
BQVLCVxBwRC;0
BRc-N9wgjZn;1
BRU5ttgg-gk;0
BS4xUCuAfmZ;0
BS8pZeJgZuI;0
BSA62i6Ah-d;1
BSj0RWVA7aT;1
BSV1Oa9A3Qm;0
BTI4G_aAV1Q;0
BUeKabJAVF_;1
BUqVi_oAzjU;1
BOcFlvoAi9C;1
BOgLJHXgG2A;0
BOzR0I9AYTy;0
BP1b8sqgiDT;1
BP4jAiqAvzr;1
BP7K1Rpg0Jp;1
BPypQkBAuN7;1
BPZwD8yAf8w;1
BQZnsYgg7Hl;1
BR2sbbUB-jp;1
BR7jf-tBljS;1
BR93wINhY2o;0
BRApinQBIwL;1
BRpy3iKBuvW;1
BRw-jlNBDJx;0
BRzXtMLhKZP;1
BSAnRJAhAaJ;0
BSvB9ubh-s7;1
BSw7czghUPh;0
BSz5bvmF5s_;1
BT3i5zthU4S;0
BT3ivDUhO-L;1
BT3jADFhJnA;1
BTBYXL1h0_7;0
BTI3VEwh6o1;1
BTWXvhLBSET;1
BUbhrn3hVkK;1
BUeGmiZhUqB;0
BUjRbNQhsZZ;1
BUl13IRhvOI;1
BUoZTiMBmAF;1
BUtmS61hZxw;0
BHvf0-EARbm;1
BL4o6K6ALNT;1
BLSPmjVA_Un;0
BMlvBsqgboi;1
BMoVCXfgwqd;0
BPj1JB2gB_-;1
BTIpU37hk3W;0
BEOIJ9SgnDD;1
BK0h12zD5S_;0
BKhRMuUDpLQ;0
BKhRrJoDlbZ;1
BKhUWJDD3KR;0
BKo1wknju46;0
BKrR0mZDRjY;1
BKsdfIIDmQP;1
BLdZDiwhZZD;1
BLI533YBkdI;0
BLK3rqrhYzD;0
BMgjpZThyHa;0
BMgNhk9h7Lm;1
BMjRMRIBqYg;1
BNNofYFh5Lp;1
BBW8g1HPhZx;1
BBZoRYcvhZM;0
BFgml4IPhWn;1
BFZc3RwPhQx;0
BG4WqmOvhVk;0
BGOvTu1PhWO;0
BHpYoGljeAT;0
BINWGVujjFH;1
BIxjRNBj3mz;0
BJKykUUjtbr;0
BKViUpIDx2C;1
BLGZM3VD6cm;1
BLvjrgcjVqk;0
BM3rGdTj_vE;0
BMlbRMBD7Ea;0
BNCCxGgDUKm;0
BOEsjUzDyou;1
BOKDUtkDPNZ;1
BQfZPy5D3Mb;1
BT0QZ04g_MX;0
BThta55A80C;0
_8CimrvhVS;1
BQkSextjtw3;0
BQkSwgRjRN-;0
BQzdoIgjEhM;1
BQze8ehjnr4;1
BQzZ5-TjUMZ;1
BRGRa0yjAVC;0
BRGRE68jz_-;1
BT85F8xjYCe;1
BT85nx7DyWZ;1
BT89hYUD3TL;0
BTIrR2mjK_G;0
BTIrz5GDWg6;0
BTIsGA-Du8v;1
BUJ-xEIj5yD;1
BCj_ewXLykr;1
BCj_Q0FrykZ;1
BCYiy2cryp1;1
BCYjB3xryqY;0
BE0hvZQLym0;1
BE6HffSryjK;1
BF2akPWrylU;1
BF2Zp7Hryi5;0
BFEby-yryg3;0
BFF0lwiLys-;0
BFFGG-CLyv8;1
BFIXE-_ryn0;1
BFIXU7cLyoi;0
BFUMaZNrymv;0
BG5DjFWryqA;1
BGNyn-sryk3;0
BGS3Ch5Lyvc;1
BGxNo6iryuJ;0
BGxOCq1ryvg;0
BGzmAb-Lylx;1
BGzmrATLyn4;0
BHL78SWh1lt;1
BHL8iefhalM;0
BI3Ts5aAQWt;1
BIB-QiUh0jv;1
BIdDsKGAoda;0
BIFQCPHB5HF;0
BIOtA0WBAZE;0
BIpQtlJgDRg;0
BIWRIlWhAn6;1
BJ9JnJegA8c;1
BJC41K7AQ2T;0
BJGvN34Ak58;0
BJMZmE3gOmp;0
BJNUTgXg_iz;0
BJo3Nu5g2Ck;0
BJRXuJChSV0;1
BJuHWSQAW0H;1
BJWyvwGh8xJ;1
BKCTSR_geye;0
BKJM7GDB7CA;1
BKxITSpgxrJ;0
BLk5h99g4l2;0
BMPxOWBAECP;0
BBLtriun6ud;1
BBpIRPKH6mK;1
BBWRd4fn6qD;1
BD4-HTDH6kY;0
BDJ0j2LH6gk;1
BEPxeOoH6nP;1
BFP6Acjn6t2;1
BGMlFAjH6ln;0
BH6lk1_jyWF;1
BHgXf73j7pH;1
BHTLxI3jTB6;0
BHUhQCxjDjv;1
BHuJQHOjDzx;1
BINGSFeDc-A;1
BJaVuwRDw0W;1
BKA-IcLjj8E;0
BKTJJabDMGb;1
BLYp2t9ly9i;1
BMfQxNcF91w;0
BMgvC9-lV3m;0
BMnmDMUF7Gw;1
BMoKrXml9xx;0
BMoMReFlp2g;0
BMyo4ZaFDCV;0
BNeGOHgFomo;0
BNEkLGalq17;1
BNJZDdHFfCz;0
BOfIVHNFfF0;1
BQ7-Vzql_Jf;1
BQ7N5WQF6iN;1
BQfEULcFEkZ;0
BQfFhGQlwJm;1
BQfGjTNl9if;0
BRk_StXFuPn;0
BSoH4COlwdg;1
BSoH9onlrjG;0
BTJO71fgjY3;0
BTJQqTwA2t8;0
BTJRH0fgv-G;0
BUPO7biA90z;1
BUPP58RgxZb;1
BUPPQGog5eI;1
BURb1OQAS4I;1
BURbFsIg9ZS;1
BURcSbFAmYQ;0
BGbEhNHCm46;1
BMEYbmXAXWc;0
BNCAKXFgavh;1
BPwVppzA9ag;0
BQ5iIv0hiZH;0
BE-OR0BhzSF;0
BGeD-1EBzSj;1
BGgK29ohzck;0
BGinFaQBzWj;1
BIOo8inA7bx;0
BIOpp3XgjQo;0
BIOqV0wAP8G;1
BIOtA74gmil;1
BJKw2CFA_aU;0
BJpHcVbgtba;1
BLQfeCyARFd;0
BMntN8qgImb;0
BMqFLZTgxCD;1
BNqJ0hLAi73;0
BRknULWFc6W;0
BSP4iY3AxVK;0
BAWYryAOxph;0
BCpQTExOxin;0
BDNc1LOuxkP;0
BFoFKd_uxtG;1
BFqh5_POxqj;1
BHBbsugAXC-;1
BIFlMiYgdFz;1
BLWBwAmA_8v;1
BMq68FaA278;1
BNmKYCigbdc;1
BOjgKLCAN23;0
BOqw18Ug8fr;0
BQVDuK9g2-r;1
BRLASp7FA4b;0
BSCvfffFzxk;1
BMnvYrYgVW_;1
BNEbQHtjZ0k;0
BSRDQdVjhBz;1
sgOqChxMp9;0
BDfxWS8DN-Z;0
BO83WqCFKqb;1
BQe8LYTFhER;0
BRYXAzyjns-;0
BSaIt2ODk69;1
BUB-ItXgatb;0
BUReTRoAfko;1
BC_0yAEKHFt;1
BD9oNNMKHG6;1
BDa1dXAKHH6;1
BDMwpR4KHHz;0
BDPTZ1vKHE4;1
BG9hCkhqHM5;1
BGhFQffqHA0;1
BGhGwQgKHFf;0
BGzMPJyKHGt;0
BHPsT4Jj_6n;1
BIWtAcUDYmh;1
BJryTJaDbct;0
BJWmNhhDP2Z;0
BJzyzcqjhUA;1
BK0tAEyDios;1
BKaQHmjDvoU;0
BKDvHnqjq02;1
BKeh_MwD_1B;1
BKK8whCDiwO;0
BKxnpXFjFXI;0
BKYIacGDy5d;0
BLdNuCoDBwV;0
BLS9TgyDPwq;1
BM_mkIWDkdt;1
BNI0VOVjU-Z;1
BPbGavmjyA9;1
BPbrD3jjkSe;1
BPdq5S0DDTQ;0
BPGvMt0j6bX;0
BPOr_0ijdpM;0
BPZP-31Dbne;0
BQb0Vc5D1lQ;1
BQhArBclpEr;1
BQMWUvYDRUQ;0
BQsC8Dvlu5e;1
BQvEdUGl43d;0
BQwk2anlugf;0
BQz3RvJFCp9;0
BRunBZiliNZ;0
BRxuu_-lMC5;1
BS0H80DFU7S;0
BS3n92nFwl2;0
BS8egcllAlM;1
BSCqq73lEu1;1
BSGZxW3Fzej;0
BSz294clP3y;0
BTDCUT2Fdga;0
BTfV_y3lv7C;0
BThwAGsllZA;1
BTIa2Fpld0h;0
BTNsdULlFp-;1
BTt5Jc2FOL0;1
BTzvKVyltAp;0
BUd0RxzlLQA;1
BUDzCT2Fxgh;0
BUfAK3xFciG;1
BUjMW1Kl3fK;1
BUp3rGvlgAA;0
BURDjkKFdNR;0
BUV_5ywFHGW;1
BUxmjcLl2lq;0
BUZRnJGFDYM;0
BLI48d7hAv1;0
BLK1TGzhMGP;1
BLLYIlOBS5-;1
BP7qaboAAFQ;1
BRhyWJ0lhfl;0
BRIlBNWltv2;1
BRkjAqUlxv6;1
BRPOtAaFKW_;1
BSc-Gx2FtWc;0
BSe7r9Fl0c6;0
BSkKD2zl7RD;0
BSsiBQalI12;0
BSsxWS3FbXc;1
BSuU7IzFbHT;0
BSVSm5ylUUy;1
BSWARCzFNxZ;1
BT3Z8BGl8XP;0
BT89u8zFTVa;0
BT_isxvlNCS;0
BU1cGkMFBCX;1
BU4A5uilqlj;1
BUDxs3SFFvM;1
BUHSVI_lm3K;1
BUKBWjFFeFO;0
BUmEyPgldFP;1
BUMn0xTlMR5;1
BUo8013l3lo;0
BUO9Xqll0JQ;0
BURm3QDFUY0;1
BUUGFeaFDyw;1
BUWs7WYFJcv;0
BUwTUp6Fz6s;1
BG3Vd7irAcA;0
BJVUmEXB9Ru;1
BMf5RTIDKya;0
BMoWe6Aji4H;1
BMoYr05D-K-;0
BMtjiLUjFqh;0
BMtKNd5DD0v;0
BNgXR2pDrZW;0
BNgZaxQj6qt;0
BNPfbrgjmUT;0
BNyQbycDFTq;0
BN_E368D24m;0
BN_FEj4j1-_;1
BO1kpDXgRM0;0
BOfEYC5jpn3;0
BOpP-65ja9x;1
BOsJMMxAOWR;0
BOW-8XdDOX7;1
BOwCRnDA38v;1
BP-FQFPjnbr;0
BP1y93rgfcj;1
BP7Pa4wjJNx;0
BP7PWF9jSt6;1
BPDBxvFg1b3;0
BPe0-hPA3Mn;1
BPHvBJbAtyR;1
BPOkZC9gCwW;0
BPQac9bAtg2;1
BPxZnrjAm8S;0
BQ2lU-7hvkt;1
BQEs8GDgmp4;0
BQHtETGgN5z;1
BQsT8tlh8P_;1
BQsTwkQhtaM;0
BQvBu0uhUwB;1
BQWikuvADQd;0
BQzeATRBATE;0
BR4v5r6BwnR;1
BR4vmAnhcwx;0
BR4vsd0BgJl;1
BRBPRM1h_si;0
BRcrs4BheZf;1
BRcuuufhxNn;0
BResh2bBuX6;0
BRgOeKDBXr8;0
BRhromPhDZy;0
BRiZHQuhyOM;1
BRkeTgJBIwr;1
BRnPzJDBcGW;0
BRpmDp3BxS9;0
BRS78D5hCn_;1
BRS8LYWBEDW;1
BRS8Q3PBOyj;0
BRsDIC1hZsS;0
BRV2Ejvhiov;1
BRV2N61hy5r;1
BRV2SCZBeYc;0
BRZ-4FUBah4;1
BSA1n6IhDsn;0
BSA1W4yB_cf;0
BSa3Rb_B6Ev;1
BSdP2FFB4KX;0
BSdPuOnBY4A;0
BSdQ4Y0hrzu;0
BSdQDwDhgq3;1
BSGWdSxhbYU;1
BSGWjN9BLK9;1
BSipAXvh0Ua;1
BSk4Dl8B4sX;0
BSlcaTFBzPA;0
BSlcSczB2xf;1
BSlLBdrh7N5;0
BSn0Y0xhm7t;0
BSNHMNrhSiz;0
BSNo6-NBWi0;1
BSnzaN9hzHF;1
BSoeVyhBzLE;0
BSqhTrLh99h;0
BSsgQUSB92Q;1
BSSYL-Fhvh6;0
BSSYlVwByQJ;0
BSSYRgWBctR;1
BSSZtaehLq-;1
BSV7f-GB5I3;1
BSV7qwQBWc4;0
BSV7u5rBzlB;0
BSV7XbehR-M;1
BSY326dh3SU;0
BMf-wRnAxWP;0
BMnu_pDgOW4;1
BMtNY5kAgNm;0
BNis1xhg9bH;0
BN_PvmrgRaw;1
BOCFUIbgYww;1
BOt6QrHAiz0;1
BP1ETN_gK2f;0
BPq8HZtAs1h;1
BPQyA9oArdI;1
BPSBJs_gYIq;0
BQ9cuSHjKk6;1
BQfP1o2g0Wq;0
BQGJkBugLgd;0
BQK7zjvgrBW;1
BQpowPMj5zl;1
BQsKcJ7jKlR;0
BQtzbScjA1T;0
BQVYeQagAZD;0
BR-elWaDjqt;1
BR0GLMPDo_p;0
BROCYKBDoCP;1
BRQPFXrjxg6;1
BRRwHvcD-um;0
BRsY0NjjF3M;0
BSewMNwj_dW;0
BSftWM9jl4Z;1
BSIepBQjKGE;0
BSN7oBwDMYo;1
BSUaJ4Wj6oU;0
BTJysBHjkTt;1
BUcxF2EDdEO;0
BUkkVeHD_0j;1
BUMMxueDwiz;0
BUZcWQdDmKJ;1
BUzXPKdjgEx;1
BR115tGA1sK;1
BR134H1gSFa;0
BJXssS0ghKN;1
BI1jCiYgic8;1
BIKLpitgHJ1;0
BIzsnSygYzB;1
BJX-5Vdgfln;0
BJX_C76AnGO;0
BKJ5viDA3SZ;1
BL1FrKPADky;1
BL7sgsEAc0F;0
BMf88nXg4xf;0
BMOrA1tAkO7;1
BMsYCnvgUSS;0
BMx2F29gHzK;0
BN0lxJsgmR9;0
BP2ZKLmAtXj;1
BP2ZtefAFL2;1
BPJzQRFgNjM;1
BPJzUqbgYg1;0
BPO-hQTAdUA;0
BPZw07qgVXS;1
BQFUK4BgaL7;1
BQIKi_HA-IB;0
BRI6bi0hL08;0
BSS4xb6Bho_;0
BTIgo1NFOPn;1
BTIgt_GFKLL;0
BTNQqcilNpb;1
BTWKbTbFiYJ;1
BUBa1OKFuLX;0
BUbEf6BFfC3;1
BUE2GNDlETX;0
BUI2RskFVOM;1
BUS47ihl18i;0
BUTcHpDldB4;0
BIPAz8Jj-FT;0
BP4fBbllI41;1
BPjs3i5hIbk;0
BPsQXZVhm0h;0
BQhsiuplxNV;1
BQKz1xtlOrx;0
BQxzJSWD2jo;1
BR9omgBDJk1;1
BRfJ6ZlD8fb;1
BRkm6o-jxdl;1
BRkso7Dj0bu;1
BRp0iNfDZf2;1
BRsSXBFjFjt;1
BRx8j4xjNyq;0
BSGCUIPDLRp;0
BSgGS_pjU2E;1
BSgnI7PDTyQ;0
BSqdd7WjgJY;1
BSqfEi-jsmp;1
BSQRcYLDXqW;1
BTBti9ND58r;1
BTL1_Lnj-Hg;1
BTNxy29jpI-;1
BTT9tnLD6dC;0
BU5GGxSDV2Q;1
BUd-oIADxxT;0
BUma0utjWYQ;0
BUMmzeOjmLz;0
BUrOdRwjMyn;1
BUx59bujMl3;0
BM-RyEkBdOi;0
BMKWZoqBW8T;1
BSIeRyegR8f;0
BSQSiF4AHBi;0
BTqfF9VgqJ6;0
9xu8yWnmiz;0
9z42Mbnmt1;0
9z4KNynmsv;1
9z4n-CnmtT;1
9z4Q8anms1;1
9z4r0hnmta;1
BAWCze0n1V6;0
BBe1mven1a_;0
BBe3Ag-H1dU;1
BBUswhBn1Yx;1
BCH3yYHn1aI;1
BCmJ5-Jn1Uk;0
BCmJob9H1T6;1
_DHabNH1cq;1
_DIEibH1dq;0
_Mgz_DH1dT;1
BMgftnyhJMZ;1
BMI9ekbhjxN;0
BMjLf8KBysW;0
BMoUSekBMq4;0
BMRETLhhv_3;0
BMRSAdkB4x9;1
BMTlZuahYxO;0
BNJ7rQIlABv;0
BNV3BVVlvY4;0
BN_nAFql_zv;1
BPtYrIQlWRb;1
BGmH-G4K1Ov;0
BLQDf3Zj4uC;0
BM3xc-rDzd_;0
BN4R2Q7Di-D;0
BT6luPyFYCU;0
BAICEHvImRm;1
BHrCQLTjyMn;0
BK-LGR_gMza;1
BMqXxJ0gjB0;1
BNBXx1MAbSv;1
BOr3SCWg6EX;1
BPU1CKHAP0s;1
BQm0sf7DWci;0
BS0Lt3mlz9Y;1
BSJLpy7j0UB;0
BUcE0eVlOJl;0
BG9HKSzsKpC;0
BHwuo3DDf5S;0
BMOr23QjFc4;0
BMtr4UwjpvX;1
BNhAE59DhPE;0
BQDKKUOjawo;0
BQXylgVjqen;0
BRdGB_DBlAp;0
BRdSIgQhMsn;0
BRdUtkXBQAe;1
BRzII89BGOv;0
BS2FkOGhH0w;1
BSiipzdBpkV;0
BSjAvKlBwd8;0
BTiX-gOBhtg;1
BTl37aUBsgD;0
BTxxuFEB_zZ;0
BUz6dDShwwv;1
BFSWR9jjXxU;0
BI47O3bB_kL;0
BIaAdMKhanA;0
BJPVmrQBojJ;0
BK7f-FVBaVe;0
BL0TdHfBpZ2;1
BL5ltmsB5FI;0
BLkKA_ihseq;1
BLLIkiABwfX;0
BLNfxX0hLw7;1
BMgvY9eB0r2;0
BMx_BOJBSGi;0
BNG2pgDh4uY;0
BOJe10whzdZ;0
BPg87QzhxNB;0
BQ47OwIDw0b;1
BQ7NYRljfyg;0
BQVVIZcBb0I;0
BQzrIFeD3zu;0
BRA8DMNj5U6;0
BRcxhPbj86g;1
BRDnNIWDRpi;0
BStG44ujCYt;1
BT0qqNEjDWS;0
BT1MnyqDR2M;0
BT34pZVDO2r;0
BTI2wRjDDQ7;1
BTJmZZvDFnu;1
BTLZMoYj2Vf;0
BUjqRCUDWw-;0
BUZJ_fZDdvK;1
BLgdhMLjkMu;1
BPcDGoRDjB-;0
BPO2eiMjaMb;1
BPXD_Y0jKYq;1
BQoh6GdFNpL;1
BQWY-swDGg9;1
BSJLxRtlSZX;1
BSnt79OFcv_;1
BMtgIyfhQNA;1
BPC-N3FAiOV;0
BS7r0IrFgsN;0
BS9_kIZFg6G;0
BUD82EilhKi;0
BUoU0QwlUro;0
BEiEhQSun5q;1
BGOLKWLOny0;0
BIeLXh3htgd;0
BJUgd0khk0C;1
BN0vEWggh4w;0
BOgl_qOgExN;0
BOrU5DAgy_R;0
BO_ddu7gHKG;1
BP1mr2ZhNqW;0
BQKzIxrB5WO;0
BQriALCjHO8;0
BQSLqtoDpSO;1
BSupl65D8na;1
BSXixu3Dppi;0
BTdUE2pjiyk;1
BU55B37Dtru;1
BUQ0KOfj-vf;0
_qCuOQunyZ;1
BMiFy3Vggtw;0
BMWbSengJtE;1
BMx7GdygJc0;1
BNA8jv8Amk0;0
BNS6l3lA7wy;1
BOUFrP5gkhh;0
BPBqRdmF7aq;0
BPPCT6RFpLL;0
BQJ59ablKmE;0
BQr0bFZAL0Q;1
BRgEQE8g6kK;1
BSFrxk8AW9R;0
BGMOs9IKU50;0
BIkMzHZDjAa;1
BJIPa6iD2Rr;0
BMq5GC_BAw5;0
BNOYtc-BvmD;1
BSgMSsXDBVU;0
BUeYgvejqkm;1
BGO5siqNB5h;0
BKcdaWPgg8a;0
BOCj4sqAnpp;0
BQ45srfDEom;0
BQ45_wnDNg4;1
BR5hxjyjPAn;1
BRw0i_2DqN1;0
BM1bzacA_rL;0
BM5Va0_AICR;0
BM_bUbJA5DS;1
BM_la2CgHO3;0
BM_lDoJAwbl;1
BN7AhacASuO;1
BN9GeBCAoI9;0
BNBAMHPgY7W;1
BNbj2UfA-r7;0
BNbkuXjAp3E;0
BNmDAhjgwl0;1
BNntC3iA6rT;0
BNT5hLggC2E;0
BNT5U-ygy6m;1
BNT5xEXgfVf;1
BOKQpWEAhWL;1
BOKQQXIgrWO;1
BOmuo-1g36z;1
BOuZsXDgIx5;0
BP67xZjgZnz;1
BPfJM-kAZvO;1
BPnB-EWALJ0;1
BPXVIEngj6j;1
BQ-EALTgiGq;0
BQ6OPS2gutX;0
BQcVhqtglC4;0
BQfrZcbAV8-;1
BQR9gGJAwyY;0
BQSpfLig_sC;1
BRDXKVoABy_;0
BS8vSytA1TG;1
BSQj4_0AFw0;0
BSYWXPoAkXy;0
BSZ7jQDA2xO;1
BT1NE8Ug_dE;1
BTI5fCvAhzV;0
BTJqTI7gDpL;1
BTNgblDADDx;0
BTwd_dAA6m7;1
BTWXZeKAN55;0
BTybcshgvna;1
BUbXtg7gpm3;0
BUjc5bUA9Nf;1
_8-2ycuVZr;1
_8-6YKOVZy;1
_8-l5qOVZP;1
_8-rH-OVZX;1
_8-xAYOVZd;0
BO4ZmxhA3GK;1
BOHPtiog02l;0
BQp3j5iArEP;0
BRx1yeeA_BL;1
BSptiSrlClj;1
BStCU_EFqZf;0
BSV0t_JFOEv;1
BDmyZIYkDqS;0
BKHLcemBTTv;0
BM6W4VSBDlW;1
BP8bAClh8ru;0
BPezJ9wBwqi;1
BPezYhRhyRA;1
BPhfJNnB8gO;1
BPWRH6ghX7l;1
BQ94R5DFubF;0
BQ96QMZl3Zn;0
BQFBd9aAqb3;0
BQFEc8MAZMr;1
BQFG16Cg7VP;0
BQhVdCphwRp;1
BQhVwNpheA1;1
BQhWBAZhqnT;0
BRBzqMclTUc;0
BRGwze2FJIS;1
BRO0Y10lSb_;1
BRvJ_wSle-U;1
BSgplL_F0l-;0
BSgq28YFBKB;0
BSpsE0Yl1lo;1
BSr7bDJFPgW;0
BSVSDXVFchC;0
BUrkWJrFuYf;1
BUrlrW0F5Dd;0
BUv3e9VlhND;1
BBg0Z4RHUie;0
BCiQi1AHUph;1
BLV4FqNBDGs;1
BM-03-7BDsw;0
BN4cwioBSVH;0
BN6FqSBhhH_;0
BOpFXogBXFH;0
BOsAD9kB9i-;1
BPKlxDkB6Hr;1
BQkyY9WBVuZ;0
BQrkjakhsem;1
BLlR3W2hL1M;0
BMF13P4DeFk;0
BMOdDhOhnNx;1
BOHUyiJj61F;1
BOjuN-QjrKv;0
BOsFEE_Dmdz;0
BP1TRVGFzWX;1
BQ8DPccBsQw;0
BQpBR8ih2uX;1
BSuly5OhG2S;1
BPaK8p4g48q;0
BSJVKPtFwuF;1
BNDh-H0AykE;0
BNURFDDAv2Z;0
BNY30JrgID5;0
BO36MGYAOgs;0
BOWKrwCgO6K;0
BP2laGJl8SC;1
BP2lRZulGlU;1
BPbzIquAuZ5;1
BPK0c3LA2if;0
BPK0ip-Ae-O;1
BPK0sqkg187;0
BPM5QYkAFAI;0
BPM5VG0ARWe;1
BPM5ZRdglAd;0
BPpT188gpBQ;1
BPpTE4ig9rg;1
BQEZ4eBFS3q;0
BRFxzJjleSo;1
BRFyfnDlke4;1
BRFyT1WFHmF;1
BRpjIRplCJH;1
BRpjLMUliLE;0
BRpjNR7loBs;0
BSal1JRFNiz;1
BSaluJjFy1g;0
BSalxK1lEzp;0
BTP2C1wlJi1;0
BTP2N63Frt3;0
BUBL2ysFlGw;1
BUBMJ5mlmrZ;1
BUBMWI4lfne;0
BGYb0DTyIMz;0
BGYJdlYyILJ;0
BN3p47JDdWq;1
BNO2PyEDlvS;1
BPgnFYZDRs_;0
BRcvftxFd83;0
BNN2PnnBiK3;1
BQPxoeijPK3;0
BC85SF2K9gf;0
BE3LP2WK9vm;1
BEBpJQZq9mE;0
BIXSqL8BwE9;1
BKh4JLLhyEZ;1
BMLL-EqhTND;1
BNV5EY3hPtJ;0
BP_iHs2BR1J;0
BRGC0VNg9cz;0
BS3FwXEAqZm;0
BTwFHZSlJI6;0
BABjlAAAD37;1
BCAm-TrgD3C;1
BGJaQ-GgD3K;1
BH8zpgThaMQ;0
BI4f-E4hv1D;1
BIrjsjMBJYh;0
BJAFndZBA3F;0
BJE1GVzBs8P;0
BJfE-Zhh4H6;1
BLalGI8hgND;1
BLNlS1QhuRH;1
BLnskMyBKO4;1
BMl0OOehkII;0
BMYbqoUBhoT;1
BNqgwz6h0Zk;1
BOW1CgehSoD;1
BPfFs5YBvWB;1
BQ1TtNtFCAL;0
BQXs0q2hDmd;0
BR5UPJYlrv0;0
BSTCbsBlG_O;1
BTI8Arql5a3;1
BGL8YXIq8Fj;0
BGQbK02K8FE;0
BHpTUghBFhV;1
BHRU2cJhdyt;0
BHRY1UfBgwC;0
BHRYYoyB2wF;0
BHSH8tzBO2B;0
BHSQ4S5BprC;0
BIcBkkfhVVY;1
BIU7IG9B3Is;0
BIz2C8vBIXy;0
BJNXGPYhgNj;1
BKb4NUyhRBs;0
BKiT0TzBwVM;1
BKOE3llBvDd;1
BKP4S-2hfYy;0
BL3MqwmBOfx;0
BLYKoZBhUbJ;1
BMRKrI5hC3L;1
BOEnD2Rhn5c;1
BP432qrhJuC;0
BPpTZ-SB0kD;1
BPr3Kj9hKVr;0
BPZ66hkhu_p;1
BQ2qWLcFxjG;1
BQks5Uzhgar;0
BRa0VTrFS4b;1
BRDsD6YlhVg;0
BRIiIs-FQvi;0
BRYCefsF_ED;1
BS3JlFcjIhx;1
BS8qTJ0lUkr;1
BSfkzvuFpRX;1
BSJEpLuFdi5;0
BSlSiwalyMC;0
BTbCGB_FRQG;1
BK2jq5Dh212;1
BK5VSh3BKie;1
BKaijoIBhKk;1
BKezdpZhTSe;1
BKLNDSWAWcQ;0
BKPvseig0Kf;1
BKPz3UfAUmD;1
BKQCODCgrdH;0
BKSm7m1ASxY;0
BKVcNeUgtj9;1
BKVf59pgFZg;1
BL3MhUchwN4;1
BLBQ3jhhKmR;0
BLCzZ7EhN3M;1
BLdXV8LhQYn;0
BLLaToTBn0h;1
BLlMv-OhNGw;0
BLlNHA4BMdC;0
BLlVh4OhJMa;1
BLOQuothNYE;1
BLqGd48hnHK;0
BLs2-zTBYYp;0
BM-PyOMByzD;0
BMbPY_7Bvnq;1
BNjlcx2hU9K;1
BOJhhGyBCjr;1
BRBFAHvAQM_;0
BTgrrInlojj;1
BTQ2rdogtSb;1
BL93cI-g1SQ;1
BLljl6wgWXt;1
BLljY0fAdUW;0
BLmQYwMgk__;1
BLncq3pga6R;1
BLnWAPMANzg;0
BLoGjooAojO;1
BLwOoztAD0h;1
BLwRK-3ASM4;0
BMxKX5Cg500;1
BQ76iZOFRCf;1
BQRRQL2D-_F;1
BQUqCz7AUpx;0
BRip0XFFR3s;1
BSkvkvNlbK5;1
BNQz2cnA0Rc;1
BOuE9geDuEB;1
BO_-UT3jPqP;1
BPcRDSAjyVj;1
BPjgROlD-yG;1
BPPe7J5DtfU;0
BPsCADBjxV9;0
BPSTuWpD4uC;0
BQ20gphjJC8;1
BQHGyPelmkU;0
BQhRIUsDR7o;0
BQm8D5sjpsX;1
BQPxQipDtAY;0
BQrb70tjVfM;0
BQXv3ljDG5i;0
BR2JS0xj56f;1
BR47omrjqkW;1
BRF1MGuDBrP;1
BRfiEcRjI7t;1
BRpVLb6DDqw;0
BRXqKocjfld;0
BS5Xenvjf-x;1
BS8n1Z9jyex;0
BSaL8WujC7t;0
BSFxMWzDisK;1
BSI-q44D66s;0
BSI-t-NDPBU;1
BSI-xzQjfwD;1
BSih0BADD-p;1
BSOFwLrDlUI;1
BSuez3dDO_T;0
BSxbBIPjZXN;0
BTiylyQjgCB;1
BTl9RThj16i;1
BTOV9DkjuZ9;0
BTTcWdGjBcw;0
BTvhdqfD38g;1
BTyfaIkj7u5;1
BTZB_cBjrFS;0
BT_MtCfDRRT;0
BU3bIrYjHsl;0
BUjkwi6Djj4;1
BUmYybqjYag;0
BUTCZeqjM4y;0
BUYpviyD6Ir;0
BHpl3_GA9rn;1
BIHxxhQggqv;0
BJaaFTIAXji;0
BJAVSMGAzou;1
BJC5sIjgNhX;0
BJS6kAjgFVv;1
BKcq_NpAP_K;0
BKda_23Adoq;0
BKfUSuBA4yt;1
BKvObxygM6V;1
BLkVbVhgWm1;0
BMLDzqKAZL8;0
BMnvm5ogAx6;0
BMoAxcGAqrO;1
BMunsLtAL-_;0
BN1n97QARf8;0
BNqCYl3AbDG;0
BNrY3HNgHd3;1
BObJTbfA71w;1
BOPIQcjg3P0;1
BOwkWwUAxLi;0
BRcz1TyF8FE;0
BRN2q2TlJWQ;1
-C6TZiOs2M;0
#NAME?;1
BFSnVhius33;1
BHGfZuMBEJF;0
BJ4uVUmhEu_;0
BJUZaQBBlyQ;1
BKwlAr7B2z1;1
8ANPP4xNFh;0
BIMI0Z5hgF1;1
BKP5Bb4BFws;1
BLkxtH9B-V8;0
BRdYYyIj-XL;1
BJ5a0MLj0PJ;0
BL8hnyHDAmZ;1
BNwcYgljt3i;0
BOJHZr_jD7f;1
BOw6N4-jEHR;0
BOZJTMajxls;1
BPfbWSDDh1T;1
BPfJp_PjGMl;0
BQ8F5s3FQYf;1
BRlIOBmlCHE;1
BTJryUKFbPA;0
BTl4kESlkrX;0
BU14G7gFqpV;0
BUbIZBsFhJK;0
BUdLqE3lveq;0
BUdNp9LFjej;0
BUe19yNlVJU;1
BUedy68lGBr;0
BUhOC8vFwK3;1
BUjxhISl8B-;0
BUuZ8JKFZBd;0
BUw-mqNlY2n;1
_F-xTRtURk;1
BJCrerHDpaa;0
BL3hvH3Dx18;0
BNOgcj3jd04;1
BSBanQoDGzF;0
BSI_AtOjnUs;0
BOb_umLjYZ_;1
BOc1_OljdTO;0
BOdABr1jGvU;1
BOdBBeIjZmy;0
BOsUT7LjstP;1
BPaSqvRjwar;1
BPcaEi0jhRj;0
BQabfNmj-xV;1
BR0W8WeDp0q;1
BR3LpIIjmYN;0
BR56xWvDA0t;0
BRiGFLtjip3;0
BRim1oCDcr0;1
BRqDXvPDX4y;1
BSJN6QkD6sQ;0
BSKXlSajRly;0
